{
  "aggregations": [
    {
      "version": "v1.1.2",
      "first": 1765321200,
      "last": 1765791584,
      "results": {
        "UnmarshalMainnetBlock": {
          "samples": 7,
          "ns_op": [
            197836.34285714288,
            194919.6,
            199695.6
          ],
          "bytes": [
            200174.9142857143,
            200174.6,
            200175.2
          ],
          "alloc": [
            3035.0,
            3035.0,
            3035.0
          ]
        },
        "MarshalMainnetBlock": {
          "samples": 7,
          "ns_op": [
            77223.0,
            75143.2,
            79358.4
          ],
          "bytes": [
            131072.0,
            131072.0,
            131072.0
          ],
          "alloc": [
            1.0,
            1.0,
            1.0
          ]
        },
        "HashTreeRootMainnetBlock": {
          "samples": 7,
          "ns_op": [
            662254.1714285713,
            657995.8,
            671046.2
          ],
          "bytes": [
            10247.142857142857,
            10244.0,
            10248.0
          ],
          "alloc": [
            384.0,
            384.0,
            384.0
          ]
        },
        "UnmarshalMainnetState": {
          "samples": 7,
          "ns_op": [
            34017856.28571428,
            33753184.6,
            34456089.6
          ],
          "bytes": [
            20791760.2,
            20791743.8,
            20791782.4
          ],
          "alloc": [
            204148.42857142858,
            204148.0,
            204148.8
          ]
        },
        "MarshalMainnetState": {
          "samples": 7,
          "ns_op": [
            19928234.45714286,
            19711389.0,
            20119893.0
          ],
          "bytes": [
            16785408.114285715,
            16785408.0,
            16785408.2
          ],
          "alloc": [
            1.0,
            1.0,
            1.0
          ]
        },
        "HashTreeRootMainnetState": {
          "samples": 7,
          "ns_op": [
            84255203.14285712,
            83804135.0,
            84608157.2
          ],
          "bytes": [
            719739.457142857,
            258394.0,
            1076514.2
          ],
          "alloc": [
            1.6285714285714286,
            0.6,
            2.4
          ]
        },
        "UnmarshalMinimalBlock": {
          "samples": 7,
          "ns_op": [
            198324.88571428572,
            194188.0,
            200343.4
          ],
          "bytes": [
            199862.94285714286,
            199862.8,
            199863.0
          ],
          "alloc": [
            3011.0,
            3011.0,
            3011.0
          ]
        },
        "MarshalMinimalBlock": {
          "samples": 7,
          "ns_op": [
            76921.34285714287,
            74910.6,
            78355.6
          ],
          "bytes": [
            131072.0,
            131072.0,
            131072.0
          ],
          "alloc": [
            1.0,
            1.0,
            1.0
          ]
        },
        "HashTreeRootMinimalBlock": {
          "samples": 7,
          "ns_op": [
            656979.3714285714,
            654409.2,
            664747.0
          ],
          "bytes": [
            10247.42857142857,
            10246.0,
            10250.0
          ],
          "alloc": [
            384.0,
            384.0,
            384.0
          ]
        },
        "UnmarshalMinimalState": {
          "samples": 7,
          "ns_op": [
            31367973.42857143,
            31103644.0,
            31618898.0
          ],
          "bytes": [
            17837481.228571422,
            17837463.6,
            17837501.4
          ],
          "alloc": [
            200116.05714285717,
            200116.0,
            200116.4
          ]
        },
        "MarshalMinimalState": {
          "samples": 7,
          "ns_op": [
            17408891.542857144,
            17264284.0,
            17512795.4
          ],
          "bytes": [
            13918208.085714286,
            13918208.0,
            13918208.2
          ],
          "alloc": [
            1.0,
            1.0,
            1.0
          ]
        },
        "HashTreeRootMinimalState": {
          "samples": 7,
          "ns_op": [
            76868899.14285715,
            76536591.0,
            77232544.0
          ],
          "bytes": [
            897243.4,
            498289.4,
            1170007.0
          ],
          "alloc": [
            1.9428571428571428,
            1.2,
            2.4
          ]
        }
      }
    },
    {
      "version": "v0.0.0-20251215041443-590dac88b0b5",
      "first": 1765781902,
      "last": 1765791584,
      "dev": true,
      "results": {
        "UnmarshalMainnetBlock": {
          "samples": 5,
          "ns_op": [
            198464.56,
            195903.6,
            200843.6
          ],
          "bytes": [
            200174.84,
            200174.6,
            200175.0
          ],
          "alloc": [
            3035.0,
            3035.0,
            3035.0
          ]
        },
        "MarshalMainnetBlock": {
          "samples": 5,
          "ns_op": [
            78725.95999999999,
            77455.2,
            80363.4
          ],
          "bytes": [
            131072.0,
            131072.0,
            131072.0
          ],
          "alloc": [
            1.0,
            1.0,
            1.0
          ]
        },
        "HashTreeRootMainnetBlock": {
          "samples": 5,
          "ns_op": [
            644470.76,
            642894.4,
            646169.8
          ],
          "bytes": [
            5.92,
            2.0,
            9.2
          ],
          "alloc": [
            0.0,
            0.0,
            0.0
          ]
        },
        "UnmarshalMainnetState": {
          "samples": 5,
          "ns_op": [
            34975480.919999994,
            34835079.8,
            35323299.8
          ],
          "bytes": [
            20791773.240000002,
            20791759.8,
            20791793.4
          ],
          "alloc": [
            204148.44,
            204148.2,
            204149.0
          ]
        },
        "MarshalMainnetState": {
          "samples": 5,
          "ns_op": [
            20434654.8,
            20320554.8,
            20571882.6
          ],
          "bytes": [
            16785408.04,
            16785408.0,
            16785408.2
          ],
          "alloc": [
            1.0,
            1.0,
            1.0
          ]
        },
        "HashTreeRootMainnetState": {
          "samples": 5,
          "ns_op": [
            82612890.67999999,
            82015043.0,
            83181942.4
          ],
          "bytes": [
            871058.7600000001,
            258392.6,
            1291806.0
          ],
          "alloc": [
            2.04,
            0.6,
            3.0
          ]
        },
        "UnmarshalMinimalBlock": {
          "samples": 5,
          "ns_op": [
            197558.63999999998,
            195194.0,
            203252.8
          ],
          "bytes": [
            199862.92,
            199862.8,
            199863.0
          ],
          "alloc": [
            3011.0,
            3011.0,
            3011.0
          ]
        },
        "MarshalMinimalBlock": {
          "samples": 5,
          "ns_op": [
            79296.0,
            77974.6,
            82007.6
          ],
          "bytes": [
            131072.0,
            131072.0,
            131072.0
          ],
          "alloc": [
            1.0,
            1.0,
            1.0
          ]
        },
        "HashTreeRootMinimalBlock": {
          "samples": 5,
          "ns_op": [
            639723.28,
            639181.0,
            640218.6
          ],
          "bytes": [
            5.8,
            3.8,
            9.0
          ],