{
  "aggregations": [
    {
      "version": "v1.1.2",
      "first": 1765321200,
      "last": 1765791584,
      "results": {
        "UnmarshalMainnetBlock": {
          "samples": 7,
          "ns_op": [
            52851.799999999996,
            51190.8,
            54187.2
          ],
          "bytes": [
            161816.0,
            161816.0,
            161816.0
          ],
          "alloc": [
            1515.0,
            1515.0,
            1515.0
          ]
        },
        "MarshalMainnetBlock": {
          "samples": 7,
          "ns_op": [
            18659.085714285713,
            17700.6,
            19544.6
          ],
          "bytes": [
            131072.0,
            131072.0,
            131072.0
          ],
          "alloc": [
            1.0,
            1.0,
            1.0
          ]
        },
        "HashTreeRootMainnetBlock": {
          "samples": 7,
          "ns_op": [
            580739.3142857143,
            579095.8,
            583667.6
          ],
          "bytes": [
            10245.4,
            10241.8,
            10248.8
          ],
          "alloc": [
            384.0,
            384.0,
            384.0
          ]
        },
        "UnmarshalMainnetState": {
          "samples": 7,
          "ns_op": [
            5906838.542857142,
            5758141.4,
            6115507.2
          ],
          "bytes": [
            18341513.37142857,
            18341512.4,
            18341513.8
          ],
          "alloc": [
            102072.0,
            102072.0,
            102072.0
          ]
        },
        "MarshalMainnetState": {
          "samples": 7,
          "ns_op": [
            2784830.5142857144,
            2722341.2,
            2856358.4
          ],
          "bytes": [
            16785408.0,
            16785408.0,
            16785408.0
          ],
          "alloc": [
            1.0,
            1.0,
            1.0
          ]
        },
        "HashTreeRootMainnetState": {
          "samples": 7,
          "ns_op": [
            61705031.11428571,
            61344764.0,
            62203814.4
          ],
          "bytes": [
            779700.1142857142,
            563475.6,
            926832.0
          ],
          "alloc": [
            1.7142857142857142,
            1.2,
            2.0
          ]
        },
        "UnmarshalMinimalBlock": {
          "samples": 7,
          "ns_op": [
            53760.514285714286,
            51402.4,
            55843.0
          ],
          "bytes": [
            161792.0,
            161792.0,
            161792.0
          ],
          "alloc": [
            1503.0,
            1503.0,
            1503.0
          ]
        },
        "MarshalMinimalBlock": {
          "samples": 7,
          "ns_op": [
            19036.657142857144,
            17688.2,
            21050.0
          ],
          "bytes": [
            131072.0,
            131072.0,
            131072.0
          ],
          "alloc": [
            1.0,
            1.0,
            1.0
          ]
        },
        "HashTreeRootMinimalBlock": {
          "samples": 7,
          "ns_op": [
            577864.8571428572,
            575622.8,
            579711.8
          ],
          "bytes": [
            10245.714285714286,
            10243.4,
            10248.2
          ],
          "alloc": [
            384.0,
            384.0,
            384.0
          ]
        },
        "UnmarshalMinimalState": {
          "samples": 7,
          "ns_op": [
            5001936.399999999,
            4902329.0,
            5134090.0
          ],
          "bytes": [
            15435656.057142857,
            15435655.2,
            15435657.2
          ],
          "alloc": [
            100056.0,
            100056.0,
            100056.0
          ]
        },
        "MarshalMinimalState": {
          "samples": 7,
          "ns_op": [
            2279148.4857142856,
            2183450.8,
            2402275.0
          ],
          "bytes": [
            13918208.0,
            13918208.0,
            13918208.0
          ],
          "alloc": [
            1.0,
            1.0,
            1.0
          ]
        },
        "HashTreeRootMinimalState": {
          "samples": 7,
          "ns_op": [
            57013030.71428572,
            56831643.8,
            57505561.8
          ],
          "bytes": [
            648856.9714285714,
            354534.0,
            858305.8
          ],
          "alloc": [
            1.4857142857142858,
            0.8,
            2.0
          ]
        }
      }
    },
    {
      "version": "v0.0.0-20251215041443-590dac88b0b5",
      "first": 1765781902,
      "last": 1765791584,
      "dev": true,
      "results": {
        "UnmarshalMainnetBlock": {
          "samples": 5,
          "ns_op": [
            53443.52,
            52244.4,
            55218.4
          ],
          "bytes": [
            161816.0,
            161816.0,
            161816.0
          ],
          "alloc": [
            1515.0,
            1515.0,
            1515.0
          ]
        },
        "MarshalMainnetBlock": {
          "samples": 5,
          "ns_op": [
            18439.2,
            17636.4,
            19458.4
          ],
          "bytes": [
            131072.0,
            131072.0,
            131072.0
          ],
          "alloc": [
            1.0,
            1.0,
            1.0
          ]
        },
        "HashTreeRootMainnetBlock": {
          "samples": 5,
          "ns_op": [
            566429.4400000001,
            565415.8,
            568285.4
          ],
          "bytes": [
            6.4,
            3.2,
            8.0
          ],
          "alloc": [
            0.0,
            0.0,
            0.0
          ]
        },
        "UnmarshalMainnetState": {
          "samples": 5,
          "ns_op": [
            5929928.36,
            5790774.4,
            6075595.8
          ],
          "bytes": [
            18341514.8,
            18341513.2,
            18341518.6
          ],
          "alloc": [
            102072.0,
            102072.0,
            102072.0
          ]
        },
        "MarshalMainnetState": {
          "samples": 5,
          "ns_op": [
            2773677.6399999997,
            2735101.4,
            2834332.4
          ],
          "bytes": [
            16785408.0,
            16785408.0,
            16785408.0
          ],
          "alloc": [
            1.0,
            1.0,
            1.0
          ]
        },
        "HashTreeRootMainnetState": {
          "samples": 5,
          "ns_op": [
            61534757.160000004,
            61496897.4,
            61595947.0
          ],
          "bytes": [
            640319.52,
            530330.6,
            716919.2
          ],
          "alloc": [
            1.44,
            1.2,
            1.6
          ]
        },
        "UnmarshalMinimalBlock": {
          "samples": 5,
          "ns_op": [
            53514.6,
            52077.0,
            55661.0
          ],
          "bytes": [
            161792.0,
            161792.0,
            161792.0
          ],
          "alloc": [
            1503.0,
            1503.0,
            1503.0
          ]
        },
        "MarshalMinimalBlock": {
          "samples": 5,
          "ns_op": [
            18764.6,
            18049.6,
            19707.6
          ],
          "bytes": [
            131072.0,
            131072.0,
            131072.0
          ],
          "alloc": [
            1.0,
            1.0,
            1.0
          ]
        },
        "HashTreeRootMinimalBlock": {
          "samples": 5,
          "ns_op": [
            563272.5199999999,
            561776.2,
            567256.0
          ],
          "bytes": [
            5.44,
            1.6,
            8.0
          ],
          "alloc": [
            0.0,
            0.0,
            0.0
          ]
        },