{
  "aggregations": [
    {
      "version": "v0.0.0-20251203093649-0b1f38e43198",
      "dev": true,
      "first": 1765781902,
      "last": 1780298944,
      "results": {
        "UnmarshalMainnetBlock": {
          "samples": 347,
          "ns_op": [
            62944.36829971183,
            45728.0,
            72472.6
          ],
          "bytes": [
            162136.0,
            162136.0,
            162136.0
          ],
          "alloc": [
            1520.0,
            1520.0,
            1520.0
          ]
        },
        "MarshalMainnetBlock": {
          "samples": 347,
          "ns_op": [
            18739.719308357373,
            12221.8,
            25175.2
          ],
          "bytes": [
            131072.0,
            131072.0,
            131072.0
          ],
          "alloc": [
            1.0,
            1.0,
            1.0
          ]
        },
        "HashTreeRootMainnetBlock": {
          "samples": 347,
          "ns_op": [
            1139447.404610952,
            950829.8,
            1273997.2
          ],
          "bytes": [
            1548.631700288184,
            1539.4,
            1555.2
          ],
          "alloc": [
            32.0,
            32.0,
            32.0
          ]
        },
        "UnmarshalMainnetState": {
          "samples": 347,
          "ns_op": [
            12031506.488760805,
            9173401.0,
            13484363.0
          ],
          "bytes": [
            20334960.964841492,
            20334960.0,
            20334971.2
          ],
          "alloc": [
            185018.0,
            185018.0,
            185018.0
          ]
        },
        "MarshalMainnetState": {
          "samples": 347,
          "ns_op": [
            3584921.7775216117,
            2203734.2,
            5727211.8
          ],
          "bytes": [
            16785408.0,
            16785408.0,
            16785408.0
          ],
          "alloc": [
            1.0,
            1.0,
            1.0
          ]
        },
        "HashTreeRootMainnetState": {
          "samples": 347,
          "ns_op": [
            145073997.73314106,
            120910731.8,
            159396157.6
          ],
          "bytes": [
            1907100.9187319886,
            746415.0,
            2399084.8
          ],
          "alloc": [
            4.695100864553315,
            2.0,
            6.0
          ]
        },
        "UnmarshalMinimalBlock": {
          "samples": 347,
          "ns_op": [
            63699.79250720459,
            46055.0,
            74269.6
          ],
          "bytes": [
            162112.0,
            162112.0,
            162112.0
          ],
          "alloc": [
            1508.0,
            1508.0,
            1508.0
          ]
        },
        "MarshalMinimalBlock": {
          "samples": 347,
          "ns_op": [
            18933.31123919307,
            12499.4,
            25395.6
          ],
          "bytes": [
            131072.0,
            131072.0,
            131072.0
          ],
          "alloc": [
            1.0,
            1.0,
            1.0
          ]
        },
        "HashTreeRootMinimalBlock": {
          "samples": 347,
          "ns_op": [
            1132842.458789626,
            944161.4,
            1259585.8
          ],
          "bytes": [
            1547.1394812680117,
            1536.0,
            1555.2
          ],
          "alloc": [
            32.0,
            32.0,
            32.0
          ]
        },
        "UnmarshalMinimalState": {
          "samples": 347,
          "ns_op": [
            9573211.0276657,
            7458595.0,
            10468932.8
          ],
          "bytes": [
            15443056.857060518,
            15443056.0,
            15443058.4
          ],
          "alloc": [
            100314.0,
            100314.0,
            100314.0
          ]
        },
        "MarshalMinimalState": {
          "samples": 347,
          "ns_op": [
            2938059.9037463977,
            1712163.0,
            4637333.2
          ],
          "bytes": [
            13918208.0,
            13918208.0,
            13918208.0
          ],
          "alloc": [
            1.0,
            1.0,
            1.0
          ]
        },
        "HashTreeRootMinimalState": {
          "samples": 347,
          "ns_op": [
            132094849.09510092,
            110014877.4,
            144296781.8
          ],
          "bytes": [
            1573406.7942363147,
            419878.4,
            2399008.0
          ],
          "alloc": [
            3.763688760806917,
            1.0,
            6.0
          ]
        }
      }
    },
    {
      "version": "v0.0.0-20250808103907-ac370aa5f7e4",
      "dev": false,
      "first": 1765772178,
      "last": 1780298944,
      "results": {
        "UnmarshalMainnetBlock": {
          "samples": 349,
          "ns_op": [
            64388.03610315183,
            48990.8,
            81009.2
          ],
          "bytes": [
            163328.0,
            163328.0,
            163328.0
          ],
          "alloc": [
            1669.0,
            1669.0,
            1669.0
          ]
        },
        "MarshalMainnetBlock": {
          "samples": 349,
          "ns_op": [
            18579.76504297995,
            12243.6,
            28507.8
          ],
          "bytes": [
            131072.0,
            131072.0,
            131072.0
          ],
          "alloc": [
            1.0,
            1.0,
            1.0
          ]
        },
        "HashTreeRootMainnetBlock": {
          "samples": 349,
          "ns_op": [
            1141740.9255014309,
            951082.4,
            1246362.8
          ],
          "bytes": [
            1548.1621776504292,
            1536.0,
            1555.0
          ],
          "alloc": [
            32.0,
            32.0,
            32.0
          ]
        },
        "UnmarshalMainnetState": {
          "samples": 349,
          "ns_op": [
            11911438.53409743,
            9048491.8,
            13459121.8
          ],
          "bytes": [
            20335043.634957023,
            20335042.0,
            20335055.8
          ],
          "alloc": [
            185028.0,
            185028.0,
            185028.0
          ]
        },
        "MarshalMainnetState": {
          "samples": 349,
          "ns_op": [
            3576838.7868194846,
            2203055.8,
            5887505.2
          ],
          "bytes": [
            16785408.000573073,
            16785408.0,
            16785408.2
          ],
          "alloc": [
            1.0,
            1.0,
            1.0
          ]
        },
        "HashTreeRootMainnetState": {
          "samples": 349,
          "ns_op": [
            145129815.30888253,
            120792864.8,
            158677414.4
          ],
          "bytes": [
            1867760.0383954153,
            839717.8,
            2399082.0
          ],
          "alloc": [
            4.596561604584511,
            2.0,
            6.0
          ]
        },
        "UnmarshalMinimalBlock": {
          "samples": 349,
          "ns_op": [
            64842.63209169047,
            49134.2,
            75493.6
          ],
          "bytes": [
            163312.0,
            163312.0,
            163312.0
          ],
          "alloc": [
            1657.0,
            1657.0,
            1657.0
          ]
        },
        "MarshalMinimalBlock": {
          "samples": 349,
          "ns_op": [
            18756.311174785093,
            12358.8,
            25366.2
          ],
          "bytes": [
            131072.0,
            131072.0,
            131072.0
          ],
          "alloc": [
            1.0,
            1.0,
            1.0
          ]
        },
        "HashTreeRootMinimalBlock": {
          "samples": 349,