{
  "aggregations": [
    {
      "version": "v1.0.0",
      "dev": false,
      "first": 1765772178,
      "last": 1775020314,
      "results": {
        "UnmarshalMainnetBlock": {
          "samples": 228,
          "ns_op": [
            54415.873684210506,
            51409.6,
            61344.8
          ],
          "bytes": [
            161816.0,
            161816.0,
            161816.0
          ],
          "alloc": [
            1515.0,
            1515.0,
            1515.0
          ]
        },
        "MarshalMainnetBlock": {
          "samples": 228,
          "ns_op": [
            18340.01140350877,
            15574.2,
            23521.0
          ],
          "bytes": [
            131072.0,
            131072.0,
            131072.0
          ],
          "alloc": [
            1.0,
            1.0,
            1.0
          ]
        },
        "HashTreeRootMainnetBlock": {
          "samples": 228,
          "ns_op": [
            1136757.2719298245,
            1116630.6,
            1297794.6
          ],
          "bytes": [
            1547.8543859649142,
            1536.0,
            1555.4
          ],
          "alloc": [
            32.0,
            32.0,
            32.0
          ]
        },
        "UnmarshalMainnetState": {
          "samples": 228,
          "ns_op": [
            7428843.003508771,
            6987117.8,
            8620980.2
          ],
          "bytes": [
            20334689.421929825,
            20334688.4,
            20334696.8
          ],
          "alloc": [
            185015.0,
            185015.0,
            185015.0
          ]
        },
        "MarshalMainnetState": {
          "samples": 228,
          "ns_op": [
            3647928.4552631564,
            2766351.8,
            4973556.2
          ],
          "bytes": [
            16785408.0,
            16785408.0,
            16785408.0
          ],
          "alloc": [
            1.0,
            1.0,
            1.0
          ]
        },
        "HashTreeRootMainnetState": {
          "samples": 228,
          "ns_op": [
            143979038.37017542,
            141747907.2,
            158024056.6
          ],
          "bytes": [
            1845621.8649122813,
            419891.4,
            2399084.8
          ],
          "alloc": [
            4.514035087719302,
            1.0,
            6.0
          ]
        }
      }
    }
  ]
}