{
  "aggregations": [
    {
      "version": "v0.0.0-20251203093649-0b1f38e43198",
      "dev": true,
      "first": 1765781902,
      "last": 1775020314,
      "results": {
        "UnmarshalMainnetBlock": {
          "samples": 226,
          "ns_op": [
            63102.89557522124,
            58378.4,
            71067.2
          ],
          "bytes": [
            162136.0,
            162136.0,
            162136.0
          ],
          "alloc": [
            1520.0,
            1520.0,
            1520.0
          ]
        },
        "MarshalMainnetBlock": {
          "samples": 226,
          "ns_op": [
            19073.13451327434,
            15520.8,
            24466.8
          ],
          "bytes": [
            131072.0,
            131072.0,
            131072.0
          ],
          "alloc": [
            1.0,
            1.0,
            1.0
          ]
        },
        "HashTreeRootMainnetBlock": {
          "samples": 226,
          "ns_op": [
            1130720.7070796464,
            1104841.8,
            1238010.0
          ],
          "bytes": [
            1548.4123893805322,
            1539.4,
            1554.2
          ],
          "alloc": [
            32.0,
            32.0,
            32.0
          ]
        },
        "UnmarshalMainnetState": {
          "samples": 226,
          "ns_op": [
            12081435.13274336,
            11537624.6,
            13115925.4
          ],
          "bytes": [
            20334960.89292035,
            20334960.0,
            20334971.2
          ],
          "alloc": [
            185018.0,
            185018.0,
            185018.0
          ]
        },
        "MarshalMainnetState": {
          "samples": 226,
          "ns_op": [
            3680715.486725663,
            2703889.0,
            4926601.2
          ],
          "bytes": [
            16785408.0,
            16785408.0,
            16785408.0
          ],
          "alloc": [
            1.0,
            1.0,
            1.0
          ]
        },
        "HashTreeRootMainnetState": {
          "samples": 226,
          "ns_op": [
            144210239.02389383,
            141145653.8,
            159396157.6
          ],
          "bytes": [
            1914764.6831858412,
            899694.8,
            2399084.8
          ],
          "alloc": [
            4.698230088495578,
            2.2,
            6.0
          ]
        },
        "UnmarshalMinimalBlock": {
          "samples": 226,
          "ns_op": [
            63859.83274336283,
            58586.8,
            71429.8
          ],
          "bytes": [
            162112.0,
            162112.0,
            162112.0
          ],
          "alloc": [
            1508.0,
            1508.0,
            1508.0
          ]
        },
        "MarshalMinimalBlock": {
          "samples": 226,
          "ns_op": [
            19275.37345132743,
            15772.8,
            24675.6
          ],
          "bytes": [
            131072.0,
            131072.0,
            131072.0
          ],
          "alloc": [
            1.0,
            1.0,
            1.0
          ]
        },
        "HashTreeRootMinimalBlock": {
          "samples": 226,
          "ns_op": [
            1124209.8619469034,
            1091921.6,
            1231254.8
          ],
          "bytes": [
            1546.907079646017,
            1536.0,
            1555.0
          ],
          "alloc": [
            32.0,
            32.0,
            32.0
          ]
        },
        "UnmarshalMinimalState": {
          "samples": 226,
          "ns_op": [
            9581448.651327426,
            9181869.0,
            10421292.0
          ],
          "bytes": [
            15443056.849557526,
            15443056.0,
            15443058.4
          ],
          "alloc": [
            100314.0,
            100314.0,
            100314.0
          ]
        },
        "MarshalMinimalState": {
          "samples": 226,
          "ns_op": [
            3028600.1867256626,
            2103699.2,
            4051522.6
          ],
          "bytes": [
            13918208.0,
            13918208.0,
            13918208.0
          ],
          "alloc": [
            1.0,
            1.0,
            1.0
          ]
        },
        "HashTreeRootMinimalState": {
          "samples": 226,
          "ns_op": [
            131281509.17079656,
            128539198.8,
            143868199.4
          ],
          "bytes": [
            1563352.855752212,
            419878.4,
            2399008.0
          ],
          "alloc": [
            3.7265486725663726,
            1.0,
            6.0
          ]
        }
      }
    },
    {
      "version": "v0.0.0-20250808103907-ac370aa5f7e4",
      "dev": false,
      "first": 1765772178,
      "last": 1775020314,
      "results": {
        "UnmarshalMainnetBlock": {
          "samples": 228,
          "ns_op": [
            64597.4850877193,
            61273.6,
            73764.4
          ],
          "bytes": [
            163328.0,
            163328.0,
            163328.0
          ],
          "alloc": [
            1669.0,
            1669.0,
            1669.0
          ]
        },
        "MarshalMainnetBlock": {
          "samples": 228,
          "ns_op": [
            18870.83947368423,
            15804.2,
            24027.0
          ],
          "bytes": [
            131072.0,
            131072.0,
            131072.0
          ],
          "alloc": [
            1.0,
            1.0,
            1.0
          ]
        },
        "HashTreeRootMainnetBlock": {
          "samples": 228,
          "ns_op": [
            1135471.7280701757,
            1119637.0,
            1246362.8
          ],
          "bytes": [
            1548.0114035087718,
            1536.0,
            1554.6
          ],
          "alloc": [
            32.0,
            32.0,
            32.0
          ]
        },
        "UnmarshalMainnetState": {
          "samples": 228,
          "ns_op": [
            11938488.756140357,
            11409134.0,
            13016220.4
          ],
          "bytes": [
            20335043.635087717,
            20335042.0,
            20335055.8
          ],
          "alloc": [
            185028.0,
            185028.0,
            185028.0
          ]
        },
        "MarshalMainnetState": {
          "samples": 228,
          "ns_op": [
            3672660.599122807,
            2733704.4,
            4960442.0
          ],
          "bytes": [
            16785408.000877187,
            16785408.0,
            16785408.2
          ],
          "alloc": [
            1.0,
            1.0,
            1.0
          ]
        },
        "HashTreeRootMainnetState": {
          "samples": 228,
          "ns_op": [
            144192956.7114034,
            142289149.0,
            158101203.2
          ],
          "bytes": [
            1870611.832456142,
            839717.8,
            2399082.0
          ],
          "alloc": [
            4.583333333333329,
            2.0,
            6.0
          ]
        },
        "UnmarshalMinimalBlock": {
          "samples": 228,
          "ns_op": [
            64997.055263157854,
            60932.2,
            73708.4
          ],
          "bytes": [
            163312.0,
            163312.0,
            163312.0
          ],
          "alloc": [
            1657.0,
            1657.0,
            1657.0
          ]
        },
        "MarshalMinimalBlock": {
          "samples": 228,
          "ns_op": [
            19067.65701754385,
            16230.8,
            24461.4
          ],
          "bytes": [
            131072.0,
            131072.0,
            131072.0
          ],
          "alloc": [
            1.0,
            1.0,
            1.0
          ]
        },
        "HashTreeRootMinimalBlock": {
          "samples": 228,