{
  "aggregations": [
    {
      "version": "v0.0.0-20251203093649-0b1f38e43198",
      "dev": true,
      "first": 1771341949,
      "last": 1772339635,
      "results": {
        "UnmarshalMainnetBlock": {
          "samples": 24,
          "ns_op": [
            62626.700000000004,
            58792.6,
            69029.0
          ],
          "bytes": [
            162136.0,
            162136.0,
            162136.0
          ],
          "alloc": [
            1520.0,
            1520.0,
            1520.0
          ]
        },
        "MarshalMainnetBlock": {
          "samples": 24,
          "ns_op": [
            19113.358333333334,
            15562.2,
            22418.0
          ],
          "bytes": [
            131072.0,
            131072.0,
            131072.0
          ],
          "alloc": [
            1.0,
            1.0,
            1.0
          ]
        },
        "HashTreeRootMainnetBlock": {
          "samples": 24,
          "ns_op": [
            1135332.425,
            1118108.2,
            1233209.2
          ],
          "bytes": [
            1548.0666666666668,
            1539.4,
            1554.2
          ],
          "alloc": [
            32.0,
            32.0,
            32.0
          ]
        },
        "UnmarshalMainnetState": {
          "samples": 24,
          "ns_op": [
            11975220.874999998,
            11660497.2,
            12797507.6
          ],
          "bytes": [
            20334960.69166667,
            20334960.0,
            20334962.0
          ],
          "alloc": [
            185018.0,
            185018.0,
            185018.0
          ]
        },
        "MarshalMainnetState": {
          "samples": 24,
          "ns_op": [
            3658375.783333333,
            2703889.0,
            4743327.6
          ],
          "bytes": [
            16785408.0,
            16785408.0,
            16785408.0
          ],
          "alloc": [
            1.0,
            1.0,
            1.0
          ]
        },
        "HashTreeRootMainnetState": {
          "samples": 24,
          "ns_op": [
            144762007.9166667,
            142524703.8,
            157995298.0
          ],
          "bytes": [
            1901782.8333333333,
            899694.8,
            2399082.0
          ],
          "alloc": [
            4.658333333333334,
            2.2,
            6.0
          ]
        },
        "UnmarshalMinimalBlock": {
          "samples": 24,
          "ns_op": [
            63492.71666666667,
            58586.8,
            71078.4
          ],
          "bytes": [
            162112.0,
            162112.0,
            162112.0
          ],
          "alloc": [
            1508.0,
            1508.0,
            1508.0
          ]
        },
        "MarshalMinimalBlock": {
          "samples": 24,
          "ns_op": [
            19401.541666666668,
            15774.4,
            21803.8
          ],
          "bytes": [
            131072.0,
            131072.0,
            131072.0
          ],
          "alloc": [
            1.0,
            1.0,
            1.0
          ]
        },
        "HashTreeRootMinimalBlock": {
          "samples": 24,
          "ns_op": [
            1128991.7083333333,
            1111584.0,
            1227919.4
          ],
          "bytes": [
            1547.7749999999999,
            1542.8,
            1554.0
          ],
          "alloc": [
            32.0,
            32.0,
            32.0
          ]
        },
        "UnmarshalMinimalState": {
          "samples": 24,
          "ns_op": [
            9503920.166666666,
            9306887.6,
            10095523.2
          ],
          "bytes": [
            15443056.825000001,
            15443056.0,
            15443057.8
          ],
          "alloc": [
            100314.0,
            100314.0,
            100314.0
          ]
        },
        "MarshalMinimalState": {
          "samples": 24,
          "ns_op": [
            3019773.533333333,
            2103699.2,
            4027375.8
          ],
          "bytes": [
            13918208.0,
            13918208.0,
            13918208.0
          ],
          "alloc": [
            1.0,
            1.0,
            1.0
          ]
        },
        "HashTreeRootMinimalState": {
          "samples": 24,
          "ns_op": [
            131908230.20000003,
            129876788.8,
            143467729.8
          ],
          "bytes": [
            1516893.8916666668,
            419878.4,
            2399008.0
          ],
          "alloc": [
            3.625,
            1.0,
            6.0
          ]
        }
      }
    },
    {
      "version": "v0.0.0-20250808103907-ac370aa5f7e4",
      "dev": false,
      "first": 1771341949,
      "last": 1772339635,
      "results": {
        "UnmarshalMainnetBlock": {
          "samples": 24,
          "ns_op": [
            64643.1,
            61994.8,
            71726.0
          ],
          "bytes": [
            163328.0,
            163328.0,
            163328.0
          ],
          "alloc": [
            1669.0,
            1669.0,
            1669.0
          ]
        },
        "MarshalMainnetBlock": {
          "samples": 24,
          "ns_op": [
            18858.816666666673,
            15804.2,
            21825.6
          ],
          "bytes": [
            131072.0,
            131072.0,
            131072.0
          ],
          "alloc": [
            1.0,
            1.0,
            1.0
          ]
        },
        "HashTreeRootMainnetBlock": {
          "samples": 24,
          "ns_op": [
            1140105.9250000003,
            1119637.0,
            1237079.8
          ],
          "bytes": [
            1549.4416666666666,
            1536.0,
            1554.6
          ],
          "alloc": [
            32.0,
            32.0,
            32.0
          ]
        },
        "UnmarshalMainnetState": {
          "samples": 24,
          "ns_op": [
            11886928.166666666,
            11627640.4,
            12693205.4
          ],
          "bytes": [
            20335043.766666662,
            20335042.2,
            20335053.6
          ],
          "alloc": [
            185028.0,
            185028.0,
            185028.0
          ]
        },
        "MarshalMainnetState": {
          "samples": 24,
          "ns_op": [
            3654032.5999999996,
            2733704.4,
            4713386.4
          ],
          "bytes": [
            16785408.0,
            16785408.0,
            16785408.0
          ],
          "alloc": [
            1.0,
            1.0,
            1.0
          ]
        },
        "HashTreeRootMainnetState": {
          "samples": 24,
          "ns_op": [
            144673848.37500006,
            142293012.0,
            157657015.8
          ],
          "bytes": [
            1841807.7083333337,
            839717.8,
            2399082.0
          ],
          "alloc": [
            4.508333333333333,
            2.0,
            6.0
          ]
        },
        "UnmarshalMinimalBlock": {
          "samples": 24,
          "ns_op": [
            64779.46666666665,
            62262.8,
            72104.0
          ],
          "bytes": [
            163312.0,
            163312.0,
            163312.0
          ],
          "alloc": [
            1657.0,
            1657.0,
            1657.0
          ]
        },
        "MarshalMinimalBlock": {
          "samples": 24,
          "ns_op": [
            19147.375000000004,
            16230.8,
            22296.6
          ],
          "bytes": [
            131072.0,
            131072.0,
            131072.0
          ],
          "alloc": [
            1.0,
            1.0,
            1.0
          ]
        },
        "HashTreeRootMinimalBlock": {
          "samples": 24,
          "ns_op": [
            1135160.7083333335,
            1112871.2,
            1228383.6
          ],