{
  "aggregations": [
    {
      "version": "v0.0.0-20251203093649-0b1f38e43198",
      "dev": true,
      "first": 1765781902,
      "last": 1782888736,
      "results": {
        "UnmarshalMainnetBlock": {
          "samples": 409,
          "ns_op": [
            62515.95354523229,
            37532.8,
            77078.0
          ],
          "bytes": [
            162136.0,
            162136.0,
            162136.0
          ],
          "alloc": [
            1520.0,
            1520.0,
            1520.0
          ]
        },
        "MarshalMainnetBlock": {
          "samples": 409,
          "ns_op": [
            18027.198533007362,
            8123.0,
            25815.6
          ],
          "bytes": [
            131072.0,
            131072.0,
            131072.0
          ],
          "alloc": [
            1.0,
            1.0,
            1.0
          ]
        },
        "HashTreeRootMainnetBlock": {
          "samples": 409,
          "ns_op": [
            1118767.961124695,
            773155.6,
            1273997.2
          ],
          "bytes": [
            1547.2816625916857,
            1536.0,
            1555.2
          ],
          "alloc": [
            32.0,
            32.0,
            32.0
          ]
        },
        "UnmarshalMainnetState": {
          "samples": 409,
          "ns_op": [
            11852648.331051342,
            6622057.2,
            13681092.6
          ],
          "bytes": [
            20334960.864058677,
            20334960.0,
            20334971.2
          ],
          "alloc": [
            185018.0,
            185018.0,
            185018.0
          ]
        },
        "MarshalMainnetState": {
          "samples": 409,
          "ns_op": [
            3512913.812224937,
            1583248.0,
            7165980.9
          ],
          "bytes": [
            16785408.0,
            16785408.0,
            16785408.0
          ],
          "alloc": [
            1.0,
            1.0,
            1.0
          ]
        },
        "HashTreeRootMainnetState": {
          "samples": 409,
          "ns_op": [
            142456240.3496332,
            97915476.6,
            159396157.6
          ],
          "bytes": [
            1689354.079706602,
            15.0,
            2399084.8
          ],
          "alloc": [
            4.1569682151589245,
            0.0,
            6.0
          ]
        },
        "UnmarshalMinimalBlock": {
          "samples": 409,
          "ns_op": [
            63261.35207823963,
            37985.2,
            77742.6
          ],
          "bytes": [
            162112.0,
            162112.0,
            162112.0
          ],
          "alloc": [
            1508.0,
            1508.0,
            1508.0
          ]
        },
        "MarshalMinimalBlock": {
          "samples": 409,
          "ns_op": [
            18214.327872860606,
            7925.4,
            27192.8
          ],
          "bytes": [
            131072.0,
            131072.0,
            131072.0
          ],
          "alloc": [
            1.0,
            1.0,
            1.0
          ]
        },
        "HashTreeRootMinimalBlock": {
          "samples": 409,
          "ns_op": [
            1112304.4095354546,
            754183.2,
            1259585.8
          ],
          "bytes": [
            1545.994132029339,
            1536.0,
            1555.2
          ],
          "alloc": [
            32.0,
            32.0,
            32.0
          ]
        },
        "UnmarshalMinimalState": {
          "samples": 409,
          "ns_op": [
            9402438.28875305,
            5451918.0,
            10839759.2
          ],
          "bytes": [
            15443056.785819078,
            15443056.0,
            15443065.4
          ],
          "alloc": [
            100314.0,
            100314.0,
            100314.0
          ]
        },
        "MarshalMinimalState": {
          "samples": 409,
          "ns_op": [
            2860392.691687043,
            1214684.8,
            4897028.1
          ],
          "bytes": [
            13918208.0,
            13918208.0,
            13918208.0
          ],
          "alloc": [
            1.0,
            1.0,
            1.0
          ]
        },
        "HashTreeRootMinimalState": {
          "samples": 409,
          "ns_op": [
            129748213.49902205,
            89418371.8,
            144296781.8
          ],
          "bytes": [
            1408840.7770171186,
            13.0,
            2399008.0
          ],
          "alloc": [
            3.3701711491442543,
            0.0,
            6.0
          ]
        }
      }
    },
    {
      "version": "v0.0.0-20250808103907-ac370aa5f7e4",
      "dev": false,
      "first": 1765772178,
      "last": 1782888736,
      "results": {
        "UnmarshalMainnetBlock": {
          "samples": 411,
          "ns_op": [
            63961.26009732355,
            36585.8,
            81009.2
          ],
          "bytes": [
            163328.0,
            163328.0,
            163328.0
          ],
          "alloc": [
            1669.0,
            1669.0,
            1669.0
          ]
        },
        "MarshalMainnetBlock": {
          "samples": 411,
          "ns_op": [
            17862.799999999996,
            7873.4,
            28507.8
          ],
          "bytes": [
            131072.0,
            131072.0,
            131072.0
          ],
          "alloc": [
            1.0,
            1.0,
            1.0
          ]
        },
        "HashTreeRootMainnetBlock": {
          "samples": 411,
          "ns_op": [
            1120628.7313868608,
            764424.0,
            1246362.8
          ],
          "bytes": [
            1546.8554744525536,
            1536.0,
            1555.0
          ],
          "alloc": [
            32.0,
            32.0,
            32.0
          ]
        },
        "UnmarshalMainnetState": {
          "samples": 411,
          "ns_op": [
            11714412.824817521,
            6456713.8,
            13459121.8
          ],
          "bytes": [
            20335043.349148422,
            20335040.6,
            20335055.8
          ],
          "alloc": [
            185028.0,
            185028.0,
            185028.0
          ]
        },
        "MarshalMainnetState": {
          "samples": 411,
          "ns_op": [
            3495661.593430658,
            1547055.6,
            5887505.2
          ],
          "bytes": [
            16785408.000486623,
            16785408.0,
            16785408.2
          ],
          "alloc": [
            1.0,
            1.0,
            1.0
          ]
        },
        "HashTreeRootMainnetState": {
          "samples": 411,
          "ns_op": [
            142531645.24647182,
            97372306.0,
            158677414.4
          ],
          "bytes": [
            1659215.7849148419,
            15.0,
            2399084.8
          ],
          "alloc": [
            4.081265206812642,
            0.0,
            6.0
          ]
        },
        "UnmarshalMinimalBlock": {
          "samples": 411,
          "ns_op": [
            64442.73600973228,
            37125.2,
            77764.8
          ],
          "bytes": [
            163312.0,
            163312.0,
            163312.0
          ],
          "alloc": [
            1657.0,
            1657.0,
            1657.0
          ]
        },
        "MarshalMinimalBlock": {
          "samples": 411,
          "ns_op": [
            18037.37031630169,
            8189.8,
            26411.2
          ],
          "bytes": [
            131072.0,
            131072.0,
            131072.0
          ],
          "alloc": [
            1.0,
            1.0,
            1.0
          ]
        },
        "HashTreeRootMinimalBlock": {
          "samples": 411,