{
  "aggregations": [
    {
      "version": "v1.0.0",
      "dev": false,
      "first": 1765772178,
      "last": 1777614820,
      "results": {
        "UnmarshalMainnetBlock": {
          "samples": 287,
          "ns_op": [
            54421.780487804885,
            42736.8,
            66411.6
          ],
          "bytes": [
            161816.0,
            161816.0,
            161816.0
          ],
          "alloc": [
            1515.0,
            1515.0,
            1515.0
          ]
        },
        "MarshalMainnetBlock": {
          "samples": 287,
          "ns_op": [
            18257.1212543554,
            12568.4,
            25035.0
          ],
          "bytes": [
            131072.0,
            131072.0,
            131072.0
          ],
          "alloc": [
            1.0,
            1.0,
            1.0
          ]
        },
        "HashTreeRootMainnetBlock": {
          "samples": 287,
          "ns_op": [
            1137882.5519163755,
            950400.2,
            1297794.6
          ],
          "bytes": [
            1547.8209059233466,
            1536.0,
            1555.4
          ],
          "alloc": [
            32.0,
            32.0,
            32.0
          ]
        },
        "UnmarshalMainnetState": {
          "samples": 287,
          "ns_op": [
            7400672.254355396,
            5586951.2,
            9491615.4
          ],
          "bytes": [
            20334689.44668989,
            20334688.4,
            20334696.8
          ],
          "alloc": [
            185015.0,
            185015.0,
            185015.0
          ]
        },
        "MarshalMainnetState": {
          "samples": 287,
          "ns_op": [
            3615072.6529616714,
            2248682.6,
            6081716.0
          ],
          "bytes": [
            16785408.0,
            16785408.0,
            16785408.0
          ],
          "alloc": [
            1.0,
            1.0,
            1.0
          ]
        },
        "HashTreeRootMainnetState": {
          "samples": 287,
          "ns_op": [
            144299944.5414635,
            121451832.8,
            159268771.8
          ],
          "bytes": [
            1865663.0501742149,
            74.0,
            2399084.8
          ],
          "alloc": [
            4.577700348432054,
            0.0,
            6.0
          ]
        }
      }
    }
  ]
}