{
  "aggregations": [
    {
      "version": "v0.0.0-20251203093649-0b1f38e43198",
      "first": 1765781902,
      "last": 1769920843,
      "dev": true,
      "results": {
        "UnmarshalMainnetBlock": {
          "samples": 103,
          "ns_op": [
            63235.306796116485,
            59647.0,
            71067.2
          ],
          "bytes": [
            162136.0,
            162136.0,
            162136.0
          ],
          "alloc": [
            1520.0,
            1520.0,
            1520.0
          ]
        },
        "MarshalMainnetBlock": {
          "samples": 103,
          "ns_op": [
            19009.08349514564,
            17070.6,
            24466.8
          ],
          "bytes": [
            131072.0,
            131072.0,
            131072.0
          ],
          "alloc": [
            1.0,
            1.0,
            1.0
          ]
        },
        "HashTreeRootMainnetBlock": {
          "samples": 103,
          "ns_op": [
            1128458.565048543,
            1104841.8,
            1200892.4
          ],
          "bytes": [
            1548.1398058252437,
            1539.4,
            1554.0
          ],
          "alloc": [
            32.0,
            32.0,
            32.0
          ]
        },
        "UnmarshalMainnetState": {
          "samples": 103,
          "ns_op": [
            12193942.4776699,
            11707608.2,
            13025959.6
          ],
          "bytes": [
            20334960.873786412,
            20334960.0,
            20334962.6
          ],
          "alloc": [
            185018.0,
            185018.0,
            185018.0
          ]
        },
        "MarshalMainnetState": {
          "samples": 103,
          "ns_op": [
            3759513.541747573,
            3527048.8,
            4926601.2
          ],
          "bytes": [
            16785408.0,
            16785408.0,
            16785408.0
          ],
          "alloc": [
            1.0,
            1.0,
            1.0
          ]
        },
        "HashTreeRootMainnetState": {
          "samples": 103,
          "ns_op": [
            144139796.26019427,
            141145653.8,
            152591576.2
          ],
          "bytes": [
            1926845.796116504,
            959671.8,
            2399084.8
          ],
          "alloc": [
            4.728155339805826,
            2.4,
            6.0
          ]
        },
        "UnmarshalMinimalBlock": {
          "samples": 103,
          "ns_op": [
            63976.33592233007,
            59745.2,
            71237.6
          ],
          "bytes": [
            162112.0,
            162112.0,
            162112.0
          ],
          "alloc": [
            1508.0,
            1508.0,
            1508.0
          ]
        },
        "MarshalMinimalBlock": {
          "samples": 103,
          "ns_op": [
            19183.33203883493,
            17048.8,
            24474.2
          ],
          "bytes": [
            131072.0,
            131072.0,
            131072.0
          ],
          "alloc": [
            1.0,
            1.0,
            1.0
          ]
        },
        "HashTreeRootMinimalBlock": {
          "samples": 103,
          "ns_op": [
            1121930.8330097091,
            1091921.6,
            1193980.6
          ],
          "bytes": [
            1546.5087378640787,
            1536.0,
            1554.0
          ],
          "alloc": [
            32.0,
            32.0,
            32.0
          ]
        },
        "UnmarshalMinimalState": {
          "samples": 103,
          "ns_op": [
            9645369.446601948,
            9225803.2,
            10421292.0
          ],
          "bytes": [
            15443056.866019428,
            15443056.0,
            15443058.4
          ],
          "alloc": [
            100314.0,
            100314.0,
            100314.0
          ]
        },
        "MarshalMinimalState": {
          "samples": 103,
          "ns_op": [
            3086825.2155339797,
            2891714.6,
            4051522.6
          ],
          "bytes": [
            13918208.0,
            13918208.0,
            13918208.0
          ],
          "alloc": [
            1.0,
            1.0,
            1.0
          ]
        },
        "HashTreeRootMinimalState": {
          "samples": 103,
          "ns_op": [
            131144445.29514563,
            128539198.8,
            138892094.0
          ],
          "bytes": [
            1581498.001941746,
            419878.4,
            2099132.0
          ],
          "alloc": [
            3.766990291262136,
            1.0,
            5.0
          ]
        }
      }
    },
    {
      "version": "v0.0.0-20250808103907-ac370aa5f7e4",
      "dev": false,
      "first": 1765791584,
      "last": 1769920843,
      "results": {
        "UnmarshalMainnetBlock": {
          "samples": 100,
          "ns_op": [
            64746.25,
            61303.0,
            73764.4
          ],
          "bytes": [
            163328.0,
            163328.0,
            163328.0
          ],
          "alloc": [
            1669.0,
            1669.0,
            1669.0
          ]
        },
        "MarshalMainnetBlock": {
          "samples": 100,
          "ns_op": [
            18902.59,
            17212.2,
            24027.0
          ],
          "bytes": [
            131072.0,
            131072.0,
            131072.0
          ],
          "alloc": [
            1.0,
            1.0,
            1.0
          ]
        },
        "HashTreeRootMainnetBlock": {
          "samples": 100,
          "ns_op": [
            1135698.3820000002,
            1120866.6,
            1212597.8
          ],
          "bytes": [
            1547.9519999999995,
            1536.0,
            1554.2
          ],
          "alloc": [
            32.0,
            32.0,
            32.0
          ]
        },
        "UnmarshalMainnetState": {
          "samples": 100,
          "ns_op": [
            11984144.662,
            11574159.4,
            13016220.4
          ],
          "bytes": [
            20335043.703999992,
            20335042.0,
            20335054.4
          ],
          "alloc": [
            185028.0,
            185028.0,
            185028.0
          ]
        },
        "MarshalMainnetState": {
          "samples": 100,
          "ns_op": [
            3750455.144,
            3522090.8,
            4960442.0
          ],
          "bytes": [
            16785408.0,
            16785408.0,
            16785408.0
          ],
          "alloc": [
            1.0,
            1.0,
            1.0
          ]
        },
        "HashTreeRootMainnetState": {
          "samples": 100,
          "ns_op": [
            144171268.416,
            142520656.2,
            152022147.2
          ],
          "bytes": [
            1852103.8679999993,
            839717.8,
            2399082.0
          ],
          "alloc": [
            4.5440000000000005,
            2.0,
            6.0
          ]
        },
        "UnmarshalMinimalBlock": {
          "samples": 100,
          "ns_op": [
            65127.55799999999,
            61401.6,
            73708.4
          ],
          "bytes": [
            163312.0,
            163312.0,
            163312.0
          ],
          "alloc": [
            1657.0,
            1657.0,
            1657.0
          ]
        },
        "MarshalMinimalBlock": {
          "samples": 100,
          "ns_op": [
            19066.15200000002,
            17144.6,
            24461.4
          ],
          "bytes": [
            131072.0,
            131072.0,
            131072.0
          ],
          "alloc": [
            1.0,
            1.0,
            1.0
          ]
        },
        "HashTreeRootMinimalBlock": {
          "samples": 100,
          "ns_op": [
            1128832.7600000005,
            1113196.0,
            1202431.4
          ],