{
  "aggregations": [
    {
      "version": "v0.0.0-20251203093649-0b1f38e43198",
      "first": 1765781902,
      "last": 1767240058,
      "dev": true,
      "results": {
        "UnmarshalMainnetBlock": {
          "samples": 37,
          "ns_op": [
            63732.91891891892,
            60213.6,
            71067.2
          ],
          "bytes": [
            162136.0,
            162136.0,
            162136.0
          ],
          "alloc": [
            1520.0,
            1520.0,
            1520.0
          ]
        },
        "MarshalMainnetBlock": {
          "samples": 37,
          "ns_op": [
            19204.681081081082,
            17404.4,
            24466.8
          ],
          "bytes": [
            131072.0,
            131072.0,
            131072.0
          ],
          "alloc": [
            1.0,
            1.0,
            1.0
          ]
        },
        "HashTreeRootMainnetBlock": {
          "samples": 37,
          "ns_op": [
            1129464.8162162162,
            1117407.0,
            1196471.8
          ],
          "bytes": [
            1548.2162162162163,
            1539.4,
            1553.0
          ],
          "alloc": [
            32.0,
            32.0,
            32.0
          ]
        },
        "UnmarshalMainnetState": {
          "samples": 37,
          "ns_op": [
            12250277.205405401,
            11935973.8,
            12920556.6
          ],
          "bytes": [
            20334960.81621622,
            20334960.0,
            20334962.4
          ],
          "alloc": [
            185018.0,
            185018.0,
            185018.0
          ]
        },
        "MarshalMainnetState": {
          "samples": 37,
          "ns_op": [
            3787331.189189189,
            3548722.0,
            4926601.2
          ],
          "bytes": [
            16785408.0,
            16785408.0,
            16785408.0
          ],
          "alloc": [
            1.0,
            1.0,
            1.0
          ]
        },
        "HashTreeRootMainnetState": {
          "samples": 37,
          "ns_op": [
            144276926.33513516,
            142609846.6,
            152591576.2
          ],
          "bytes": [
            1909550.1459459462,
            1259544.2,
            2399084.8
          ],
          "alloc": [
            4.681081081081081,
            3.0,
            6.0
          ]
        },
        "UnmarshalMinimalBlock": {
          "samples": 37,
          "ns_op": [
            64355.76756756758,
            60531.0,
            71237.6
          ],
          "bytes": [
            162112.0,
            162112.0,
            162112.0
          ],
          "alloc": [
            1508.0,
            1508.0,
            1508.0
          ]
        },
        "MarshalMinimalBlock": {
          "samples": 37,
          "ns_op": [
            19326.972972972977,
            17520.2,
            24474.2
          ],
          "bytes": [
            131072.0,
            131072.0,
            131072.0
          ],
          "alloc": [
            1.0,
            1.0,
            1.0
          ]
        },
        "HashTreeRootMinimalBlock": {
          "samples": 37,
          "ns_op": [
            1123277.4918918924,
            1110562.0,
            1189399.0
          ],
          "bytes": [
            1546.016216216216,
            1539.4,
            1554.0
          ],
          "alloc": [
            32.0,
            32.0,
            32.0
          ]
        },
        "UnmarshalMinimalState": {
          "samples": 37,
          "ns_op": [
            9695955.962162161,
            9414193.0,
            10123944.8
          ],
          "bytes": [
            15443056.886486486,
            15443056.0,
            15443058.0
          ],
          "alloc": [
            100314.0,
            100314.0,
            100314.0
          ]
        },
        "MarshalMinimalState": {
          "samples": 37,
          "ns_op": [
            3107570.9675675677,
            2915999.6,
            3933876.8
          ],
          "bytes": [
            13918208.0,
            13918208.0,
            13918208.0
          ],
          "alloc": [
            1.0,
            1.0,
            1.0
          ]
        },
        "HashTreeRootMinimalState": {
          "samples": 37,
          "ns_op": [
            131264110.44864869,
            129886015.2,
            138693066.6
          ],
          "bytes": [
            1543162.9027027031,
            419878.4,
            2099132.0
          ],
          "alloc": [
            3.675675675675676,
            1.0,
            5.0
          ]
        }
      }
    },
    {
      "version": "v0.0.0-20250808103907-ac370aa5f7e4",
      "dev": false,
      "first": 1765791584,
      "last": 1767240058,
      "results": {
        "UnmarshalMainnetBlock": {
          "samples": 34,
          "ns_op": [
            65365.905882352934,
            61761.2,
            73410.2
          ],
          "bytes": [
            163328.0,
            163328.0,
            163328.0
          ],
          "alloc": [
            1669.0,
            1669.0,
            1669.0
          ]
        },
        "MarshalMainnetBlock": {
          "samples": 34,
          "ns_op": [
            19194.258823529424,
            17215.0,
            24027.0
          ],
          "bytes": [
            131072.0,
            131072.0,
            131072.0
          ],
          "alloc": [
            1.0,
            1.0,
            1.0
          ]
        },
        "HashTreeRootMainnetBlock": {
          "samples": 34,
          "ns_op": [
            1138140.3705882353,
            1120906.0,
            1207962.4
          ],
          "bytes": [
            1548.9235294117648,
            1539.4,
            1554.2
          ],
          "alloc": [
            32.0,
            32.0,
            32.0
          ]
        },
        "UnmarshalMainnetState": {
          "samples": 34,
          "ns_op": [
            12045311.041176472,
            11574159.4,
            13016220.4
          ],
          "bytes": [
            20335043.35882353,
            20335042.0,
            20335045.4
          ],
          "alloc": [
            185028.0,
            185028.0,
            185028.0
          ]
        },
        "MarshalMainnetState": {
          "samples": 34,
          "ns_op": [
            3792281.441176469,
            3541343.2,
            4960442.0
          ],
          "bytes": [
            16785408.0,
            16785408.0,
            16785408.0
          ],
          "alloc": [
            1.0,
            1.0,
            1.0
          ]
        },
        "HashTreeRootMainnetState": {
          "samples": 34,
          "ns_op": [
            144420193.87647057,
            142714937.6,
            151914345.2
          ],
          "bytes": [
            1933388.4705882354,
            959675.4,
            2339107.4
          ],
          "alloc": [
            4.752941176470588,
            2.4,
            5.8
          ]
        },
        "UnmarshalMinimalBlock": {
          "samples": 34,
          "ns_op": [
            65719.45294117647,
            62260.4,
            73708.4
          ],
          "bytes": [
            163312.0,
            163312.0,
            163312.0
          ],
          "alloc": [
            1657.0,
            1657.0,
            1657.0
          ]
        },
        "MarshalMinimalBlock": {
          "samples": 34,
          "ns_op": [
            19291.870588235302,
            17345.6,
            24461.4
          ],
          "bytes": [
            131072.0,
            131072.0,
            131072.0
          ],
          "alloc": [
            1.0,
            1.0,
            1.0
          ]
        },
        "HashTreeRootMinimalBlock": {
          "samples": 34,