{
  "aggregations": [
    {
      "version": "v1.0.0",
      "first": 1765321200,
      "last": 1765791584,
      "results": {
        "UnmarshalMainnetBlock": {
          "samples": 7,
          "ns_op": [
            53590.08571428571,
            51586.2,
            57343.6
          ],
          "bytes": [
            161816.0,
            161816.0,
            161816.0
          ],
          "alloc": [
            1515.0,
            1515.0,
            1515.0
          ]
        },
        "MarshalMainnetBlock": {
          "samples": 7,
          "ns_op": [
            17904.028571428575,
            16842.8,
            20437.8
          ],
          "bytes": [
            131072.0,
            131072.0,
            131072.0
          ],
          "alloc": [
            1.0,
            1.0,
            1.0
          ]
        },
        "HashTreeRootMainnetBlock": {
          "samples": 7,
          "ns_op": [
            1122723.4000000001,
            1119907.4,
            1124918.8
          ],
          "bytes": [
            1548.1714285714286,
            1546.2,
            1553.0
          ],
          "alloc": [
            32.0,
            32.0,
            32.0
          ]
        },
        "UnmarshalMainnetState": {
          "samples": 7,
          "ns_op": [
            7360433.714285715,
            7240901.4,
            7619256.4
          ],
          "bytes": [
            20334689.228571434,
            20334688.6,
            20334690.0
          ],
          "alloc": [
            185015.0,
            185015.0,
            185015.0
          ]
        },
        "MarshalMainnetState": {
          "samples": 7,
          "ns_op": [
            3582058.6857142854,
            3494994.8,
            3642069.0
          ],
          "bytes": [
            16785408.0,
            16785408.0,
            16785408.0
          ],
          "alloc": [
            1.0,
            1.0,
            1.0
          ]
        },
        "HashTreeRootMainnetState": {
          "samples": 7,
          "ns_op": [
            143427725.99999997,
            143242251.4,
            143783923.0
          ],
          "bytes": [
            2082066.1142857142,
            1739347.6,
            2339105.0
          ],
          "alloc": [
            5.114285714285715,
            4.2,
            5.8
          ]
        }
      }
    }
  ]
}