{
  "aggregations": [
    {
      "version": "v0.0.0-20251203093649-0b1f38e43198",
      "dev": true,
      "first": 1765781902,
      "last": 1777614820,
      "results": {
        "UnmarshalMainnetBlock": {
          "samples": 285,
          "ns_op": [
            63114.098947368446,
            48934.0,
            72351.2
          ],
          "bytes": [
            162136.0,
            162136.0,
            162136.0
          ],
          "alloc": [
            1520.0,
            1520.0,
            1520.0
          ]
        },
        "MarshalMainnetBlock": {
          "samples": 285,
          "ns_op": [
            18955.45684210528,
            12850.0,
            25011.2
          ],
          "bytes": [
            131072.0,
            131072.0,
            131072.0
          ],
          "alloc": [
            1.0,
            1.0,
            1.0
          ]
        },
        "HashTreeRootMainnetBlock": {
          "samples": 285,
          "ns_op": [
            1133436.9922807023,
            953157.4,
            1273997.2
          ],
          "bytes": [
            1548.3501754385968,
            1539.4,
            1555.0
          ],
          "alloc": [
            32.0,
            32.0,
            32.0
          ]
        },
        "UnmarshalMainnetState": {
          "samples": 285,
          "ns_op": [
            12071755.741052631,
            9287779.8,
            13484363.0
          ],
          "bytes": [
            20334960.949473675,
            20334960.0,
            20334971.2
          ],
          "alloc": [
            185018.0,
            185018.0,
            185018.0
          ]
        },
        "MarshalMainnetState": {
          "samples": 285,
          "ns_op": [
            3653226.9712280687,
            2257362.0,
            5727211.8
          ],
          "bytes": [
            16785408.0,
            16785408.0,
            16785408.0
          ],
          "alloc": [
            1.0,
            1.0,
            1.0
          ]
        },
        "HashTreeRootMainnetState": {
          "samples": 285,
          "ns_op": [
            144417376.63228062,
            120910731.8,
            159396157.6
          ],
          "bytes": [
            1930195.8582456154,
            899694.8,
            2399084.8
          ],
          "alloc": [
            4.744561403508773,
            2.2,
            6.0
          ]
        },
        "UnmarshalMinimalBlock": {
          "samples": 285,
          "ns_op": [
            63858.46175438596,
            49429.6,
            73617.2
          ],
          "bytes": [
            162112.0,
            162112.0,
            162112.0
          ],
          "alloc": [
            1508.0,
            1508.0,
            1508.0
          ]
        },
        "MarshalMinimalBlock": {
          "samples": 285,
          "ns_op": [
            19150.19578947368,
            13200.8,
            25348.6
          ],
          "bytes": [
            131072.0,
            131072.0,
            131072.0
          ],
          "alloc": [
            1.0,
            1.0,
            1.0
          ]
        },
        "HashTreeRootMinimalBlock": {
          "samples": 285,
          "ns_op": [
            1126609.152280703,
            944161.4,
            1241362.0
          ],
          "bytes": [
            1547.101052631578,
            1536.0,
            1555.2
          ],
          "alloc": [
            32.0,
            32.0,
            32.0
          ]
        },
        "UnmarshalMinimalState": {
          "samples": 285,
          "ns_op": [
            9584060.592982449,
            7658170.6,
            10468932.8
          ],
          "bytes": [
            15443056.8463158,
            15443056.0,
            15443058.4
          ],
          "alloc": [
            100314.0,
            100314.0,
            100314.0
          ]
        },
        "MarshalMinimalState": {
          "samples": 285,
          "ns_op": [
            3003233.7052631555,
            1797252.2,
            4637333.2
          ],
          "bytes": [
            13918208.0,
            13918208.0,
            13918208.0
          ],
          "alloc": [
            1.0,
            1.0,
            1.0
          ]
        },
        "HashTreeRootMinimalState": {
          "samples": 285,
          "ns_op": [
            131491341.69684218,
            110014877.4,
            143868199.4
          ],
          "bytes": [
            1563749.519298248,
            419878.4,
            2399008.0
          ],
          "alloc": [
            3.730526315789475,
            1.0,
            6.0
          ]
        }
      }
    },
    {
      "version": "v0.0.0-20250808103907-ac370aa5f7e4",
      "dev": false,
      "first": 1765772178,
      "last": 1777614820,
      "results": {
        "UnmarshalMainnetBlock": {
          "samples": 287,
          "ns_op": [
            64541.97770034843,
            50765.2,
            81009.2
          ],
          "bytes": [
            163328.0,
            163328.0,
            163328.0
          ],
          "alloc": [
            1669.0,
            1669.0,
            1669.0
          ]
        },
        "MarshalMainnetBlock": {
          "samples": 287,
          "ns_op": [
            18798.613240418144,
            12899.2,
            28507.8
          ],
          "bytes": [
            131072.0,
            131072.0,
            131072.0
          ],
          "alloc": [
            1.0,
            1.0,
            1.0
          ]
        },
        "HashTreeRootMainnetBlock": {
          "samples": 287,
          "ns_op": [
            1136962.7421602788,
            952581.0,
            1246362.8
          ],
          "bytes": [
            1548.027177700348,
            1536.0,
            1555.0
          ],
          "alloc": [
            32.0,
            32.0,
            32.0
          ]
        },
        "UnmarshalMainnetState": {
          "samples": 287,
          "ns_op": [
            11947555.076655058,
            9194485.8,
            13459121.8
          ],
          "bytes": [
            20335043.650174204,
            20335042.0,
            20335055.8
          ],
          "alloc": [
            185028.0,
            185028.0,
            185028.0
          ]
        },
        "MarshalMainnetState": {
          "samples": 287,
          "ns_op": [
            3645238.8703832747,
            2302034.8,
            5887505.2
          ],
          "bytes": [
            16785408.000696864,
            16785408.0,
            16785408.2
          ],
          "alloc": [
            1.0,
            1.0,
            1.0
          ]
        },
        "HashTreeRootMainnetState": {
          "samples": 287,
          "ns_op": [
            144448516.74564457,
            120792864.8,
            158221739.6
          ],
          "bytes": [
            1890368.4202090607,
            839717.8,
            2399082.0
          ],
          "alloc": [
            4.642508710801385,
            2.0,
            6.0
          ]
        },
        "UnmarshalMinimalBlock": {
          "samples": 287,
          "ns_op": [
            64931.627177700284,
            50670.0,
            75493.6
          ],
          "bytes": [
            163312.0,
            163312.0,
            163312.0
          ],
          "alloc": [
            1657.0,
            1657.0,
            1657.0
          ]
        },
        "MarshalMinimalBlock": {
          "samples": 287,
          "ns_op": [
            18962.377003484322,
            13167.2,
            25366.2
          ],
          "bytes": [
            131072.0,
            131072.0,
            131072.0
          ],
          "alloc": [
            1.0,
            1.0,
            1.0
          ]
        },
        "HashTreeRootMinimalBlock": {
          "samples": 287,