{
  "aggregations": [
    {
      "version": "v1.0.0",
      "first": 1765321200,
      "last": 1769920843,
      "results": {
        "UnmarshalMainnetBlock": {
          "samples": 106,
          "ns_op": [
            54378.169811320746,
            51549.8,
            61344.8
          ],
          "bytes": [
            161816.0,
            161816.0,
            161816.0
          ],
          "alloc": [
            1515.0,
            1515.0,
            1515.0
          ]
        },
        "MarshalMainnetBlock": {
          "samples": 106,
          "ns_op": [
            18328.098113207547,
            16596.6,
            23521.0
          ],
          "bytes": [
            131072.0,
            131072.0,
            131072.0
          ],
          "alloc": [
            1.0,
            1.0,
            1.0
          ]
        },
        "HashTreeRootMainnetBlock": {
          "samples": 106,
          "ns_op": [
            1130564.8603773583,
            1116630.6,
            1192930.0
          ],
          "bytes": [
            1548.0301886792465,
            1536.0,
            1554.0
          ],
          "alloc": [
            32.0,
            32.0,
            32.0
          ]
        },
        "UnmarshalMainnetState": {
          "samples": 106,
          "ns_op": [
            7486506.415094344,
            7186787.8,
            8612571.8
          ],
          "bytes": [
            20334689.35849057,
            20334688.4,
            20334696.6
          ],
          "alloc": [
            185015.0,
            185015.0,
            185015.0
          ]
        },
        "MarshalMainnetState": {
          "samples": 106,
          "ns_op": [
            3709513.2056603767,
            3478886.8,
            4973556.2
          ],
          "bytes": [
            16785408.0,
            16785408.0,
            16785408.0
          ],
          "alloc": [
            1.0,
            1.0,
            1.0
          ]
        },
        "HashTreeRootMainnetState": {
          "samples": 106,
          "ns_op": [
            144123247.0018867,
            141747907.2,
            152112302.6
          ],
          "bytes": [
            1896644.3849056594,
            479875.6,
            2399084.8
          ],
          "alloc": [
            4.664150943396225,
            1.2,
            6.0
          ]
        }
      }
    }
  ]
}