{
  "aggregations": [
    {
      "version": "v1.0.0",
      "dev": false,
      "first": 1765772178,
      "last": 1782888736,
      "results": {
        "UnmarshalMainnetBlock": {
          "samples": 411,
          "ns_op": [
            54067.79148418492,
            30204.0,
            66411.6
          ],
          "bytes": [
            161816.0,
            161816.0,
            161816.0
          ],
          "alloc": [
            1515.0,
            1515.0,
            1515.0
          ]
        },
        "MarshalMainnetBlock": {
          "samples": 411,
          "ns_op": [
            17349.282481751823,
            7361.0,
            25612.8
          ],
          "bytes": [
            131072.0,
            131072.0,
            131072.0
          ],
          "alloc": [
            1.0,
            1.0,
            1.0
          ]
        },
        "HashTreeRootMainnetBlock": {
          "samples": 411,
          "ns_op": [
            1121133.158880778,
            760602.4,
            1297794.6
          ],
          "bytes": [
            1546.8579075425796,
            1536.0,
            1555.4
          ],
          "alloc": [
            32.0,
            32.0,
            32.0
          ]
        },
        "UnmarshalMainnetState": {
          "samples": 411,
          "ns_op": [
            7320940.453284665,
            4276181.8,
            9491615.4
          ],
          "bytes": [
            20334689.290510952,
            20334688.0,
            20334696.8
          ],
          "alloc": [
            185015.0,
            185015.0,
            185015.0
          ]
        },
        "MarshalMainnetState": {
          "samples": 411,
          "ns_op": [
            3475138.243065695,
            1521085.2,
            6081716.0
          ],
          "bytes": [
            16785408.0,
            16785408.0,
            16785408.0
          ],
          "alloc": [
            1.0,
            1.0,
            1.0
          ]
        },
        "HashTreeRootMainnetState": {
          "samples": 411,
          "ns_op": [
            142389212.90827274,
            100651700.0,
            159268771.8
          ],
          "bytes": [
            1654500.8141119205,
            15.0,
            2399084.8
          ],
          "alloc": [
            4.069586374695859,
            0.0,
            6.0
          ]
        }
      }
    }
  ]
}