{
  "aggregations": [
    {
      "version": "v1.0.0",
      "dev": false,
      "first": 1765772178,
      "last": 1780298944,
      "results": {
        "UnmarshalMainnetBlock": {
          "samples": 349,
          "ns_op": [
            54276.78796561608,
            39683.6,
            66411.6
          ],
          "bytes": [
            161816.0,
            161816.0,
            161816.0
          ],
          "alloc": [
            1515.0,
            1515.0,
            1515.0
          ]
        },
        "MarshalMainnetBlock": {
          "samples": 349,
          "ns_op": [
            18045.81088825214,
            11893.8,
            25035.0
          ],
          "bytes": [
            131072.0,
            131072.0,
            131072.0
          ],
          "alloc": [
            1.0,
            1.0,
            1.0
          ]
        },
        "HashTreeRootMainnetBlock": {
          "samples": 349,
          "ns_op": [
            1142553.2045845268,
            949428.2,
            1297794.6
          ],
          "bytes": [
            1548.098567335245,
            1536.0,
            1555.4
          ],
          "alloc": [
            32.0,
            32.0,
            32.0
          ]
        },
        "UnmarshalMainnetState": {
          "samples": 349,
          "ns_op": [
            7355708.242406869,
            5444341.8,
            9491615.4
          ],
          "bytes": [
            20334689.45157593,
            20334688.2,
            20334696.8
          ],
          "alloc": [
            185015.0,
            185015.0,
            185015.0
          ]
        },
        "MarshalMainnetState": {
          "samples": 349,
          "ns_op": [
            3548356.045845272,
            2200630.0,
            6081716.0
          ],
          "bytes": [
            16785408.0,
            16785408.0,
            16785408.0
          ],
          "alloc": [
            1.0,
            1.0,
            1.0
          ]
        },
        "HashTreeRootMainnetState": {
          "samples": 349,
          "ns_op": [
            144995930.52320924,
            120806499.6,
            159268771.8
          ],
          "bytes": [
            1861497.110028651,
            74.0,
            2399084.8
          ],
          "alloc": [
            4.579369627507159,
            0.0,
            6.0
          ]
        }
      }
    }
  ]
}