{
  "aggregations": [
    {
      "version": "v1.0.0",
      "first": 1765321200,
      "last": 1767240058,
      "results": {
        "UnmarshalMainnetBlock": {
          "samples": 40,
          "ns_op": [
            54646.709999999985,
            51586.2,
            61228.6
          ],
          "bytes": [
            161816.0,
            161816.0,
            161816.0
          ],
          "alloc": [
            1515.0,
            1515.0,
            1515.0
          ]
        },
        "MarshalMainnetBlock": {
          "samples": 40,
          "ns_op": [
            18518.360000000004,
            16842.8,
            23450.4
          ],
          "bytes": [
            131072.0,
            131072.0,
            131072.0
          ],
          "alloc": [
            1.0,
            1.0,
            1.0
          ]
        },
        "HashTreeRootMainnetBlock": {
          "samples": 40,
          "ns_op": [
            1132550.6099999996,
            1119907.4,
            1191761.2
          ],
          "bytes": [
            1548.275,
            1539.4,
            1554.0
          ],
          "alloc": [
            32.0,
            32.0,
            32.0
          ]
        },
        "UnmarshalMainnetState": {
          "samples": 40,
          "ns_op": [
            7521874.635000003,
            7186787.8,
            8612571.8
          ],
          "bytes": [
            20334689.410000004,
            20334688.4,
            20334695.8
          ],
          "alloc": [
            185015.0,
            185015.0,
            185015.0
          ]
        },
        "MarshalMainnetState": {
          "samples": 40,
          "ns_op": [
            3728435.254999999,
            3478886.8,
            4973556.2
          ],
          "bytes": [
            16785408.0,
            16785408.0,
            16785408.0
          ],
          "alloc": [
            1.0,
            1.0,
            1.0
          ]
        },
        "HashTreeRootMainnetState": {
          "samples": 40,
          "ns_op": [
            144318444.89,
            142788682.6,
            152030730.4
          ],
          "bytes": [
            1991247.45,
            959677.2,
            2399084.8
          ],
          "alloc": [
            4.909999999999998,
            2.4,
            6.0
          ]
        }
      }
    }
  ]
}