{
  "aggregations": [
    {
      "version": "v0.3.0",
      "dev": false,
      "first": 1765772178,
      "last": 1777614820,
      "results": {
        "UnmarshalMainnetBlock": {
          "samples": 287,
          "ns_op": [
            59217.208362369325,
            44518.6,
            65969.2
          ],
          "bytes": [
            148445.19790940775,
            148445.0,
            148446.0
          ],
          "alloc": [
            971.0,
            971.0,
            971.0
          ]
        },
        "MarshalMainnetBlock": {
          "samples": 287,
          "ns_op": [
            30229.047386759587,
            22386.8,
            36366.2
          ],
          "bytes": [
            131080.00069686418,
            131080.0,
            131080.2
          ],
          "alloc": [
            1.0,
            1.0,
            1.0
          ]
        },
        "HashTreeRootMainnetBlock": {
          "samples": 287,
          "ns_op": [
            601973.1031358896,
            510806.2,
            720578.8
          ],
          "bytes": [
            1.433449477351917,
            0.0,
            3.0
          ],
          "alloc": [
            0.0,
            0.0,
            0.0
          ]
        },
        "UnmarshalMainnetState": {
          "samples": 287,
          "ns_op": [
            9924005.289198605,
            7653288.4,
            11159264.2
          ],
          "bytes": [
            18354837.09686413,
            18354818.0,
            18354869.0
          ],
          "alloc": [
            102066.51846689897,
            102066.0,
            102067.0
          ]
        },
        "MarshalMainnetState": {
          "samples": 287,
          "ns_op": [
            7570174.850871075,
            5047939.2,
            8184838.8
          ],
          "bytes": [
            16785812.464808363,
            16785797.4,
            16785823.2
          ],
          "alloc": [
            3.002787456445994,
            3.0,
            3.2
          ]
        },
        "HashTreeRootMainnetState": {
          "samples": 287,
          "ns_op": [
            65267532.12543555,
            54057638.0,
            84877777.8
          ],
          "bytes": [
            583.8195121951208,
            492.0,
            809.2
          ],
          "alloc": [
            0.9965156794425087,
            0.0,
            1.0
          ]
        },
        "UnmarshalReaderMainnetBlock": {
          "samples": 242,
          "ns_op": [
            77237.60082644633,
            60244.2,
            86979.0
          ],
          "bytes": [
            148493.25950413203,
            148492.8,
            148494.0
          ],
          "alloc": [
            972.0,
            972.0,
            972.0
          ]
        },
        "MarshalWriterMainnetBlock": {
          "samples": 242,
          "ns_op": [
            29690.67520661155,
            23466.8,
            42380.0
          ],
          "bytes": [
            0.0,
            0.0,
            0.0
          ],
          "alloc": [
            0.0,
            0.0,
            0.0
          ]
        },
        "UnmarshalReaderMainnetState": {
          "samples": 242,
          "ns_op": [
            17073539.990082648,
            13342636.0,
            18675791.6
          ],
          "bytes": [
            18354883.2942149,
            18354860.4,
            18354918.6
          ],
          "alloc": [
            102067.34380165275,
            102067.0,
            102068.2
          ]
        },
        "MarshalWriterMainnetState": {
          "samples": 242,
          "ns_op": [
            8804570.422314052,
            7014592.8,
            10307405.2
          ],
          "bytes": [
            5.028925619834713,
            4.0,
            5.4
          ],
          "alloc": [
            0.0,
            0.0,
            0.0
          ]
        }
      }
    },
    {
      "version": "v0.0.0-20240918120927-559052cc385d",
      "dev": true,
      "first": 1765781902,
      "last": 1777614820,
      "results": {
        "UnmarshalMainnetBlock": {
          "samples": 285,
          "ns_op": [
            59318.59368421055,
            44801.2,
            66777.0
          ],
          "bytes": [
            148445.19789473678,
            148444.8,
            148445.8
          ],
          "alloc": [
            971.0,
            971.0,
            971.0
          ]
        },
        "MarshalMainnetBlock": {
          "samples": 285,
          "ns_op": [
            30301.9347368421,
            22387.4,
            35254.6
          ],
          "bytes": [
            131080.00280701762,
            131080.0,
            131080.4
          ],
          "alloc": [
            1.0,
            1.0,
            1.0
          ]
        },
        "HashTreeRootMainnetBlock": {
          "samples": 285,
          "ns_op": [
            602048.7438596495,
            511100.6,
            723392.4
          ],
          "bytes": [
            1.4505263157894748,
            0.0,
            3.0
          ],
          "alloc": [
            0.0,
            0.0,
            0.0
          ]
        },
        "UnmarshalMainnetState": {
          "samples": 285,
          "ns_op": [
            9937768.608421056,
            7462065.0,
            11291536.8
          ],
          "bytes": [
            18354837.612631626,
            18354816.0,
            18354869.2
          ],
          "alloc": [
            102066.50526315793,
            102066.0,
            102067.2
          ]
        },
        "MarshalMainnetState": {
          "samples": 285,
          "ns_op": [
            7554223.1754386,
            5021973.8,
            8473743.4
          ],
          "bytes": [
            16785811.713684216,
            16785796.2,
            16785821.6
          ],
          "alloc": [
            3.00140350877193,
            2.8,
            3.2
          ]
        },
        "HashTreeRootMainnetState": {
          "samples": 285,
          "ns_op": [
            65273613.21052632,
            53948306.2,
            84814051.6
          ],
          "bytes": [
            584.1901754385967,
            492.0,
            796.0
          ],
          "alloc": [
            0.9964912280701754,
            0.0,
            1.0
          ]
        },
        "UnmarshalReaderMainnetBlock": {
          "samples": 242,
          "ns_op": [
            77293.64214876037,
            60557.0,
            85823.0
          ],
          "bytes": [
            148493.2735537189,
            148492.8,
            148494.2
          ],
          "alloc": [
            972.0,
            972.0,
            972.0
          ]
        },
        "MarshalWriterMainnetBlock": {
          "samples": 242,
          "ns_op": [
            29662.188429752077,
            24460.8,
            31803.4
          ],
          "bytes": [
            0.0,
            0.0,
            0.0
          ],
          "alloc": [
            0.0,
            0.0,
            0.0
          ]
        },
        "UnmarshalReaderMainnetState": {
          "samples": 242,
          "ns_op": [
            17090516.876859523,
            13310932.8,
            19022275.8
          ],
          "bytes": [
            18354881.821487628,
            18354860.2,
            18354911.2
          ],
          "alloc": [
            102067.30826446268,
            102067.0,
            102068.0
          ]
        },
        "MarshalWriterMainnetState": {
          "samples": 242,
          "ns_op": [
            8869992.862809908,
            7089725.0,
            11783843.6
          ],
          "bytes": [
            5.031404958677694,
            4.0,
            5.6
          ],
          "alloc": [
            0.0,
            0.0,
            0.0
          ]
        }
      }
    }
  ]
}