{
  "aggregations": [
    {
      "version": "v0.3.0",
      "first": 1765321200,
      "last": 1769920843,
      "results": {
        "UnmarshalMainnetBlock": {
          "samples": 106,
          "ns_op": [
            58827.70188679245,
            56102.8,
            65167.2
          ],
          "bytes": [
            148445.2094339623,
            148445.0,
            148445.6
          ],
          "alloc": [
            971.0,
            971.0,
            971.0
          ]
        },
        "MarshalMainnetBlock": {
          "samples": 106,
          "ns_op": [
            30200.173584905664,
            28314.2,
            35645.0
          ],
          "bytes": [
            131080.0,
            131080.0,
            131080.0
          ],
          "alloc": [
            1.0,
            1.0,
            1.0
          ]
        },
        "HashTreeRootMainnetBlock": {
          "samples": 106,
          "ns_op": [
            601551.0339622641,
            569388.2,
            719319.6
          ],
          "bytes": [
            1.4528301886792445,
            0.0,
            3.0
          ],
          "alloc": [
            0.0,
            0.0,
            0.0
          ]
        },
        "UnmarshalMainnetState": {
          "samples": 106,
          "ns_op": [
            10197429.21886793,
            9680599.6,
            11118789.0
          ],
          "bytes": [
            18354835.99056604,
            18354818.0,
            18354864.8
          ],
          "alloc": [
            102066.48301886792,
            102066.0,
            102067.0
          ]
        },
        "MarshalMainnetState": {
          "samples": 106,
          "ns_op": [
            7669241.31698113,
            6939259.4,
            8016620.8
          ],
          "bytes": [
            16785812.786792453,
            16785801.0,
            16785823.2
          ],
          "alloc": [
            3.0,
            3.0,
            3.0
          ]
        },
        "HashTreeRootMainnetState": {
          "samples": 106,
          "ns_op": [
            65376555.818867914,
            62470078.2,
            84771390.4
          ],
          "bytes": [
            580.1000000000003,
            544.0,
            809.2
          ],
          "alloc": [
            1.0,
            1.0,
            1.0
          ]
        },
        "UnmarshalReaderMainnetBlock": {
          "samples": 61,
          "ns_op": [
            76222.04262295082,
            70824.2,
            83818.0
          ],
          "bytes": [
            148493.30491803278,
            148492.8,
            148494.0
          ],
          "alloc": [
            972.0,
            972.0,
            972.0
          ]
        },
        "MarshalWriterMainnetBlock": {
          "samples": 61,
          "ns_op": [
            29750.619672131135,
            27588.8,
            31740.0
          ],
          "bytes": [
            0.0,
            0.0,
            0.0
          ],
          "alloc": [
            0.0,
            0.0,
            0.0
          ]
        },
        "UnmarshalReaderMainnetState": {
          "samples": 61,
          "ns_op": [
            17313659.163934425,
            16749987.4,
            18356092.0
          ],
          "bytes": [
            18354882.645901635,
            18354867.4,
            18354918.6
          ],
          "alloc": [
            102067.30491803281,
            102067.0,
            102068.2
          ]
        },
        "MarshalWriterMainnetState": {
          "samples": 61,
          "ns_op": [
            8805252.367213115,
            7871947.2,
            9086697.0
          ],
          "bytes": [
            5.009836065573768,
            4.0,
            5.4
          ],
          "alloc": [
            0.0,
            0.0,
            0.0
          ]
        }
      }
    },
    {
      "version": "v0.0.0-20240918120927-559052cc385d",
      "first": 1765781902,
      "last": 1769920843,
      "dev": true,
      "results": {
        "UnmarshalMainnetBlock": {
          "samples": 104,
          "ns_op": [
            59037.48461538464,
            55124.8,
            65306.0
          ],
          "bytes": [
            148445.1807692307,
            148444.8,
            148445.8
          ],
          "alloc": [
            971.0,
            971.0,
            971.0
          ]
        },
        "MarshalMainnetBlock": {
          "samples": 104,
          "ns_op": [
            30266.492307692308,
            27568.4,
            35184.4
          ],
          "bytes": [
            131080.0,
            131080.0,
            131080.0
          ],
          "alloc": [
            1.0,
            1.0,
            1.0
          ]
        },
        "HashTreeRootMainnetBlock": {
          "samples": 104,
          "ns_op": [
            601731.7134615387,
            552758.4,
            723392.4
          ],
          "bytes": [
            1.3923076923076922,
            0.4,
            3.0
          ],
          "alloc": [
            0.0,
            0.0,
            0.0
          ]
        },
        "UnmarshalMainnetState": {
          "samples": 104,
          "ns_op": [
            10206485.973076923,
            9647229.8,
            11081518.6
          ],
          "bytes": [
            18354837.244230773,
            18354816.0,
            18354869.2
          ],
          "alloc": [
            102066.47884615388,
            102066.0,
            102067.2
          ]
        },
        "MarshalMainnetState": {
          "samples": 104,
          "ns_op": [
            7627884.209615385,
            6992380.4,
            8137313.2
          ],
          "bytes": [
            16785812.178846147,
            16785796.2,
            16785819.8
          ],
          "alloc": [
            3.0019230769230774,
            2.8,
            3.2
          ]
        },
        "HashTreeRootMainnetState": {
          "samples": 104,
          "ns_op": [
            65400669.269230776,
            62657313.6,
            84814051.6
          ],
          "bytes": [
            580.6480769230769,
            544.0,
            796.0
          ],
          "alloc": [
            1.0,
            1.0,
            1.0
          ]
        },
        "UnmarshalReaderMainnetBlock": {
          "samples": 61,
          "ns_op": [
            76305.07213114749,
            69665.2,
            85164.2
          ],
          "bytes": [
            148493.30819672134,
            148493.0,
            148494.2
          ],
          "alloc": [
            972.0,
            972.0,
            972.0
          ]
        },
        "MarshalWriterMainnetBlock": {
          "samples": 61,
          "ns_op": [
            29741.819672131147,
            27829.0,
            31803.4
          ],
          "bytes": [
            0.0,
            0.0,
            0.0
          ],
          "alloc": [
            0.0,
            0.0,
            0.0
          ]
        },
        "UnmarshalReaderMainnetState": {
          "samples": 61,
          "ns_op": [
            17314273.98032788,
            16835270.4,
            18298993.2
          ],
          "bytes": [
            18354880.429508198,
            18354860.6,
            18354899.2
          ],
          "alloc": [
            102067.29508196726,
            102067.0,
            102067.8
          ]
        },
        "MarshalWriterMainnetState": {
          "samples": 61,
          "ns_op": [
            8896658.757377043,
            7908709.6,
            10477541.4
          ],
          "bytes": [
            5.009836065573769,
            4.4,
            5.2
          ],
          "alloc": [
            0.0,
            0.0,
            0.0
          ]
        }
      }
    }
  ]
}