{
  "aggregations": [
    {
      "version": "v0.3.0",
      "first": 1765321200,
      "last": 1765791584,
      "results": {
        "UnmarshalMainnetBlock": {
          "samples": 7,
          "ns_op": [
            58310.542857142864,
            56783.8,
            60304.6
          ],
          "bytes": [
            148445.17142857146,
            148445.0,
            148445.4
          ],
          "alloc": [
            971.0,
            971.0,
            971.0
          ]
        },
        "MarshalMainnetBlock": {
          "samples": 7,
          "ns_op": [
            29516.4,
            28545.6,
            31757.4
          ],
          "bytes": [
            131080.0,
            131080.0,
            131080.0
          ],
          "alloc": [
            1.0,
            1.0,
            1.0
          ]
        },
        "HashTreeRootMainnetBlock": {
          "samples": 7,
          "ns_op": [
            588546.8,
            586233.2,
            596593.0
          ],
          "bytes": [
            1.542857142857143,
            0.8,
            2.0
          ],
          "alloc": [
            0.0,
            0.0,
            0.0
          ]
        },
        "UnmarshalMainnetState": {
          "samples": 7,
          "ns_op": [
            10018184.714285715,
            9759779.4,
            10284925.4
          ],
          "bytes": [
            18354837.714285716,
            18354831.0,
            18354844.2
          ],
          "alloc": [
            102066.59999999999,
            102066.4,
            102066.8
          ]
        },
        "MarshalMainnetState": {
          "samples": 7,
          "ns_op": [
            7720104.828571427,
            7392541.8,
            7820854.8
          ],
          "bytes": [
            16785814.114285715,
            16785811.0,
            16785822.0
          ],
          "alloc": [
            3.0,
            3.0,
            3.0
          ]
        },
        "HashTreeRootMainnetState": {
          "samples": 7,
          "ns_op": [
            62947782.57142856,
            62795628.0,
            63257431.4
          ],
          "bytes": [
            548.4285714285714,
            544.0,
            556.4
          ],
          "alloc": [
            1.0,
            1.0,
            1.0
          ]
        }
      }
    },
    {
      "version": "v0.0.0-20240918120927-559052cc385d",
      "first": 1765781902,
      "last": 1765791584,
      "dev": true,
      "results": {
        "UnmarshalMainnetBlock": {
          "samples": 5,
          "ns_op": [
            58280.0,
            56700.2,
            62051.4
          ],
          "bytes": [
            148445.16,
            148444.8,
            148445.6
          ],
          "alloc": [
            971.0,
            971.0,
            971.0
          ]
        },
        "MarshalMainnetBlock": {
          "samples": 5,
          "ns_op": [
            29682.919999999995,
            28561.6,
            32165.8
          ],
          "bytes": [
            131080.0,
            131080.0,
            131080.0
          ],
          "alloc": [
            1.0,
            1.0,
            1.0
          ]
        },
        "HashTreeRootMainnetBlock": {
          "samples": 5,
          "ns_op": [
            588330.4800000001,
            586577.8,
            590986.2
          ],
          "bytes": [
            1.2,
            0.8,
            2.0
          ],
          "alloc": [
            0.0,
            0.0,
            0.0
          ]
        },
        "UnmarshalMainnetState": {
          "samples": 5,
          "ns_op": [
            10108359.559999999,
            9956238.8,
            10590947.2
          ],
          "bytes": [
            18354836.240000002,
            18354825.4,
            18354844.6
          ],
          "alloc": [
            102066.48000000001,
            102066.2,
            102066.8
          ]
        },
        "MarshalMainnetState": {
          "samples": 5,
          "ns_op": [
            7630470.159999999,
            7195038.0,
            7796904.6
          ],
          "bytes": [
            16785813.28,
            16785809.2,
            16785815.0
          ],
          "alloc": [
            3.0,
            3.0,
            3.0
          ]
        },
        "HashTreeRootMainnetState": {
          "samples": 5,
          "ns_op": [
            62872602.239999995,
            62786768.6,
            62951069.6
          ],
          "bytes": [
            552.68,
            544.0,
            575.0
          ],
          "alloc": [
            1.0,
            1.0,
            1.0
          ]
        }
      }
    }
  ]
}