{
  "aggregations": [
    {
      "version": "v0.3.0",
      "dev": false,
      "first": 1765772178,
      "last": 1780298944,
      "results": {
        "UnmarshalMainnetBlock": {
          "samples": 349,
          "ns_op": [
            59118.907163323725,
            43765.6,
            65969.2
          ],
          "bytes": [
            148445.2045845273,
            148444.8,
            148446.0
          ],
          "alloc": [
            971.0,
            971.0,
            971.0
          ]
        },
        "MarshalMainnetBlock": {
          "samples": 349,
          "ns_op": [
            30148.766189111742,
            21953.8,
            36366.2
          ],
          "bytes": [
            131080.00057306592,
            131080.0,
            131080.2
          ],
          "alloc": [
            1.0,
            1.0,
            1.0
          ]
        },
        "HashTreeRootMainnetBlock": {
          "samples": 349,
          "ns_op": [
            606127.9633237837,
            510456.4,
            723393.4
          ],
          "bytes": [
            1.4785100286532955,
            0.0,
            3.0
          ],
          "alloc": [
            0.0,
            0.0,
            0.0
          ]
        },
        "UnmarshalMainnetState": {
          "samples": 349,
          "ns_op": [
            9869926.234383956,
            7450226.2,
            11159264.2
          ],
          "bytes": [
            18354837.5398281,
            18354818.0,
            18354872.4
          ],
          "alloc": [
            102066.52378223506,
            102066.0,
            102067.2
          ]
        },
        "MarshalMainnetState": {
          "samples": 349,
          "ns_op": [
            7453962.616045844,
            4953307.8,
            8184838.8
          ],
          "bytes": [
            16785811.45558739,
            16785797.4,
            16785823.2
          ],
          "alloc": [
            3.0022922636103155,
            3.0,
            3.2
          ]
        },
        "HashTreeRootMainnetState": {
          "samples": 349,
          "ns_op": [
            65652776.52550151,
            53941534.2,
            84916467.2
          ],
          "bytes": [
            589.6756446991398,
            492.0,
            809.2
          ],
          "alloc": [
            0.9856733524355301,
            0.0,
            1.0
          ]
        },
        "UnmarshalReaderMainnetBlock": {
          "samples": 304,
          "ns_op": [
            77177.92828947374,
            57204.2,
            86979.0
          ],
          "bytes": [
            148493.2703947368,
            148492.8,
            148494.2
          ],
          "alloc": [
            972.0,
            972.0,
            972.0
          ]
        },
        "MarshalWriterMainnetBlock": {
          "samples": 304,
          "ns_op": [
            29622.103289473656,
            23288.2,
            42380.0
          ],
          "bytes": [
            0.0,
            0.0,
            0.0
          ],
          "alloc": [
            0.0,
            0.0,
            0.0
          ]
        },
        "UnmarshalReaderMainnetState": {
          "samples": 304,
          "ns_op": [
            16997205.884210523,
            13237012.2,
            18675791.6
          ],
          "bytes": [
            18354883.965789486,
            18354860.4,
            18354918.6
          ],
          "alloc": [
            102067.35789473674,
            102067.0,
            102068.2
          ]
        },
        "MarshalWriterMainnetState": {
          "samples": 304,
          "ns_op": [
            8807689.52434211,
            7012815.8,
            10307405.2
          ],
          "bytes": [
            5.013815789473687,
            4.0,
            5.8
          ],
          "alloc": [
            0.0,
            0.0,
            0.0
          ]
        }
      }
    },
    {
      "version": "v0.0.0-20240918120927-559052cc385d",
      "dev": true,
      "first": 1765781902,
      "last": 1780298944,
      "results": {
        "UnmarshalMainnetBlock": {
          "samples": 347,
          "ns_op": [
            59128.9135446686,
            43417.0,
            66777.0
          ],
          "bytes": [
            148445.19538904913,
            148444.8,
            148445.8
          ],
          "alloc": [
            971.0,
            971.0,
            971.0
          ]
        },
        "MarshalMainnetBlock": {
          "samples": 347,
          "ns_op": [
            30208.571757925056,
            21913.4,
            35254.6
          ],
          "bytes": [
            131080.0028818446,
            131080.0,
            131080.4
          ],
          "alloc": [
            1.0,
            1.0,
            1.0
          ]
        },
        "HashTreeRootMainnetBlock": {
          "samples": 347,
          "ns_op": [
            606198.7325648416,
            510476.2,
            723392.4
          ],
          "bytes": [
            1.5043227665706052,
            0.0,
            3.0
          ],
          "alloc": [
            0.0,
            0.0,
            0.0
          ]
        },
        "UnmarshalMainnetState": {
          "samples": 347,
          "ns_op": [
            9878129.665706057,
            7440234.8,
            11291536.8
          ],
          "bytes": [
            18354837.86455334,
            18354816.0,
            18354869.2
          ],
          "alloc": [
            102066.51412103744,
            102066.0,
            102067.2
          ]
        },
        "MarshalMainnetState": {
          "samples": 347,
          "ns_op": [
            7442042.858789626,
            4955034.0,
            8473743.4
          ],
          "bytes": [
            16785810.79481269,
            16785796.2,
            16785821.6
          ],
          "alloc": [
            3.0011527377521627,
            2.8,
            3.2
          ]
        },
        "HashTreeRootMainnetState": {
          "samples": 347,
          "ns_op": [
            65659973.25072046,
            53812758.8,
            84865088.0
          ],
          "bytes": [
            590.0668587896257,
            492.0,
            809.2
          ],
          "alloc": [
            0.9855907780979827,
            0.0,
            1.0
          ]
        },
        "UnmarshalReaderMainnetBlock": {
          "samples": 304,
          "ns_op": [
            77134.82763157894,
            57050.8,
            85823.0
          ],
          "bytes": [
            148493.28552631583,
            148492.8,
            148494.2
          ],
          "alloc": [
            972.0,
            972.0,
            972.0
          ]
        },
        "MarshalWriterMainnetBlock": {
          "samples": 304,
          "ns_op": [
            29607.36842105265,
            23220.2,
            31803.4
          ],
          "bytes": [
            0.0,
            0.0,
            0.0
          ],
          "alloc": [
            0.0,
            0.0,
            0.0
          ]
        },
        "UnmarshalReaderMainnetState": {
          "samples": 304,
          "ns_op": [
            17006393.558552653,
            13120974.6,
            19022275.8
          ],
          "bytes": [
            18354882.936184213,
            18354860.2,
            18354911.2
          ],
          "alloc": [
            102067.33092105256,
            102067.0,
            102068.0
          ]
        },
        "MarshalWriterMainnetState": {
          "samples": 304,
          "ns_op": [
            8859951.1486842,
            7022271.8,
            11783843.6
          ],
          "bytes": [
            5.01842105263159,
            4.0,
            5.6
          ],
          "alloc": [
            0.0,
            0.0,
            0.0
          ]
        }
      }
    }
  ]
}