{
  "aggregations": [
    {
      "version": "v0.3.0",
      "first": 1765321200,
      "last": 1767240058,
      "results": {
        "UnmarshalMainnetBlock": {
          "samples": 40,
          "ns_op": [
            59122.984999999986,
            56196.6,
            65167.2
          ],
          "bytes": [
            148445.2250000001,
            148445.0,
            148445.6
          ],
          "alloc": [
            971.0,
            971.0,
            971.0
          ]
        },
        "MarshalMainnetBlock": {
          "samples": 40,
          "ns_op": [
            30209.225,
            28380.2,
            35645.0
          ],
          "bytes": [
            131080.0,
            131080.0,
            131080.0
          ],
          "alloc": [
            1.0,
            1.0,
            1.0
          ]
        },
        "HashTreeRootMainnetBlock": {
          "samples": 40,
          "ns_op": [
            603548.8350000001,
            585391.0,
            719319.6
          ],
          "bytes": [
            1.445,
            0.4,
            2.4
          ],
          "alloc": [
            0.0,
            0.0,
            0.0
          ]
        },
        "UnmarshalMainnetState": {
          "samples": 40,
          "ns_op": [
            10059651.075,
            9759779.4,
            10453484.0
          ],
          "bytes": [
            18354836.089999996,
            18354818.0,
            18354856.4
          ],
          "alloc": [
            102066.48999999998,
            102066.0,
            102067.0
          ]
        },
        "MarshalMainnetState": {
          "samples": 40,
          "ns_op": [
            7673350.855000001,
            7078554.8,
            7887773.2
          ],
          "bytes": [
            16785812.349999994,
            16785801.8,
            16785823.2
          ],
          "alloc": [
            3.0,
            3.0,
            3.0
          ]
        },
        "HashTreeRootMainnetState": {
          "samples": 40,
          "ns_op": [
            65641153.910000004,
            62795628.0,
            84771390.4
          ],
          "bytes": [
            581.5649999999998,
            544.0,
            809.2
          ],
          "alloc": [
            1.0,
            1.0,
            1.0
          ]
        }
      }
    },
    {
      "version": "v0.0.0-20240918120927-559052cc385d",
      "first": 1765781902,
      "last": 1767240058,
      "dev": true,
      "results": {
        "UnmarshalMainnetBlock": {
          "samples": 38,
          "ns_op": [
            59352.92105263158,
            56204.4,
            64263.4
          ],
          "bytes": [
            148445.19473684212,
            148444.8,
            148445.6
          ],
          "alloc": [
            971.0,
            971.0,
            971.0
          ]
        },
        "MarshalMainnetBlock": {
          "samples": 38,
          "ns_op": [
            30336.81578947369,
            28471.0,
            33717.0
          ],
          "bytes": [
            131080.0,
            131080.0,
            131080.0
          ],
          "alloc": [
            1.0,
            1.0,
            1.0
          ]
        },
        "HashTreeRootMainnetBlock": {
          "samples": 38,
          "ns_op": [
            604591.7631578948,
            585576.6,
            718189.6
          ],
          "bytes": [
            1.4052631578947368,
            0.4,
            2.4
          ],
          "alloc": [
            0.0,
            0.0,
            0.0
          ]
        },
        "UnmarshalMainnetState": {
          "samples": 38,
          "ns_op": [
            10072928.87368421,
            9724461.8,
            10590947.2
          ],
          "bytes": [
            18354838.057894737,
            18354821.4,
            18354867.0
          ],
          "alloc": [
            102066.54210526316,
            102066.2,
            102067.2
          ]
        },
        "MarshalMainnetState": {
          "samples": 38,
          "ns_op": [
            7642615.589473685,
            7111178.6,
            7882209.2
          ],
          "bytes": [
            16785811.036842104,
            16785796.2,
            16785817.0
          ],
          "alloc": [
            3.0,
            2.8,
            3.2
          ]
        },
        "HashTreeRootMainnetState": {
          "samples": 38,
          "ns_op": [
            65756093.32105265,
            62786768.6,
            84688827.4
          ],
          "bytes": [
            582.2157894736844,
            544.0,
            796.0
          ],
          "alloc": [
            1.0,
            1.0,
            1.0
          ]
        }
      }
    }
  ]
}