{
  "aggregations": [
    {
      "version": "v0.3.0",
      "dev": false,
      "first": 1765772178,
      "last": 1782888736,
      "results": {
        "UnmarshalMainnetBlock": {
          "samples": 411,
          "ns_op": [
            58461.90559610706,
            32865.8,
            73237.4
          ],
          "bytes": [
            148444.75279805364,
            148441.0,
            148446.0
          ],
          "alloc": [
            971.0,
            971.0,
            971.0
          ]
        },
        "MarshalMainnetBlock": {
          "samples": 411,
          "ns_op": [
            30016.989294403902,
            15800.2,
            36714.8
          ],
          "bytes": [
            131079.25158150864,
            131073.0,
            131080.2
          ],
          "alloc": [
            1.0,
            1.0,
            1.0
          ]
        },
        "HashTreeRootMainnetBlock": {
          "samples": 411,
          "ns_op": [
            598817.5216545024,
            459595.0,
            723393.4
          ],
          "bytes": [
            1.3294403892944044,
            0.0,
            3.0
          ],
          "alloc": [
            0.0,
            0.0,
            0.0
          ]
        },
        "UnmarshalMainnetState": {
          "samples": 411,
          "ns_op": [
            9909964.331386862,
            5699029.2,
            12107603.6
          ],
          "bytes": [
            18354803.121897813,
            18354511.1,
            18354872.4
          ],
          "alloc": [
            102066.47055961075,
            102066.0,
            102067.2
          ]
        },
        "MarshalMainnetState": {
          "samples": 411,
          "ns_op": [
            7360036.569099758,
            3288045.8,
            8184838.8
          ],
          "bytes": [
            16785778.347931877,
            16785503.3,
            16785823.2
          ],
          "alloc": [
            2.8948905109489056,
            2.0,
            3.2
          ]
        },
        "HashTreeRootMainnetState": {
          "samples": 411,
          "ns_op": [
            64847900.50510957,
            49542969.2,
            85141977.0
          ],
          "bytes": [
            581.8121654501214,
            431.0,
            809.2
          ],
          "alloc": [
            0.9294403892944039,
            0.0,
            1.0
          ]
        },
        "UnmarshalReaderMainnetBlock": {
          "samples": 366,
          "ns_op": [
            75725.26338797816,
            41686.4,
            88048.8
          ],
          "bytes": [
            148492.76120218576,
            148489.0,
            148494.2
          ],
          "alloc": [
            972.0,
            972.0,
            972.0
          ]
        },
        "MarshalWriterMainnetBlock": {
          "samples": 366,
          "ns_op": [
            28679.645081967214,
            16551.6,
            42380.0
          ],
          "bytes": [
            0.0,
            0.0,
            0.0
          ],
          "alloc": [
            0.0,
            0.0,
            0.0
          ]
        },
        "UnmarshalReaderMainnetState": {
          "samples": 366,
          "ns_op": [
            16682929.343715837,
            9041531.4,
            18675791.6
          ],
          "bytes": [
            18354845.891256835,
            18354562.4,
            18354918.6
          ],
          "alloc": [
            102067.31803278682,
            102067.0,
            102068.2
          ]
        },
        "MarshalWriterMainnetState": {
          "samples": 366,
          "ns_op": [
            8513617.207650268,
            4560796.6,
            10610911.2
          ],
          "bytes": [
            4.5360655737704905,
            1.0,
            5.8
          ],
          "alloc": [
            0.0,
            0.0,
            0.0
          ]
        }
      }
    },
    {
      "version": "v0.0.0-20240918120927-559052cc385d",
      "dev": true,
      "first": 1765781902,
      "last": 1782888736,
      "results": {
        "UnmarshalMainnetBlock": {
          "samples": 409,
          "ns_op": [
            58626.84352078243,
            34828.0,
            75213.2
          ],
          "bytes": [
            148444.74572127155,
            148441.0,
            148445.8
          ],
          "alloc": [
            971.0,
            971.0,
            971.0
          ]
        },
        "MarshalMainnetBlock": {
          "samples": 409,
          "ns_op": [
            30089.317603911968,
            15593.6,
            42195.1
          ],
          "bytes": [
            131079.2498777508,
            131073.0,
            131080.4
          ],
          "alloc": [
            1.0,
            1.0,
            1.0
          ]
        },
        "HashTreeRootMainnetBlock": {
          "samples": 409,
          "ns_op": [
            598861.6058679711,
            450176.0,
            723392.4
          ],
          "bytes": [
            1.3491442542787289,
            0.0,
            3.0
          ],
          "alloc": [
            0.0,
            0.0,
            0.0
          ]
        },
        "UnmarshalMainnetState": {
          "samples": 409,
          "ns_op": [
            9926286.129828842,
            5717209.0,
            12883588.3
          ],
          "bytes": [
            18354803.311002467,
            18354511.0,
            18354872.2
          ],
          "alloc": [
            102066.46552567233,
            102066.0,
            102067.2
          ]
        },
        "MarshalMainnetState": {
          "samples": 409,
          "ns_op": [
            7349187.142787284,
            3275787.4,
            9226509.5
          ],
          "bytes": [
            16785777.545721274,
            16785503.2,
            16785821.6
          ],
          "alloc": [
            2.8933985330073364,
            2.0,
            3.2
          ]
        },
        "HashTreeRootMainnetState": {
          "samples": 409,
          "ns_op": [
            64855685.55867975,
            50006796.6,
            84912993.4
          ],
          "bytes": [
            582.1254278728608,
            438.8,
            809.2
          ],
          "alloc": [
            0.9293398533007335,
            0.0,
            1.0
          ]
        },
        "UnmarshalReaderMainnetBlock": {
          "samples": 366,
          "ns_op": [
            75804.84945355196,
            44709.8,
            88671.6
          ],
          "bytes": [
            148492.76994535513,
            148489.0,
            148494.2
          ],
          "alloc": [
            972.0,
            972.0,
            972.0
          ]
        },
        "MarshalWriterMainnetBlock": {
          "samples": 366,
          "ns_op": [
            28629.632513661214,
            16181.2,
            31803.4
          ],
          "bytes": [
            0.0,
            0.0,
            0.0
          ],
          "alloc": [
            0.0,
            0.0,
            0.0
          ]
        },
        "UnmarshalReaderMainnetState": {
          "samples": 366,
          "ns_op": [
            16694436.029508242,
            9061217.4,
            19022275.8
          ],
          "bytes": [
            18354845.022950828,
            18354561.9,
            18354911.2
          ],
          "alloc": [
            102067.29726775951,
            102067.0,
            102068.0
          ]
        },
        "MarshalWriterMainnetState": {
          "samples": 366,
          "ns_op": [
            8551250.644262286,
            4564220.8,
            11783843.6
          ],
          "bytes": [
            4.534699453551916,
            1.0,
            5.6
          ],
          "alloc": [
            0.0,
            0.0,
            0.0
          ]
        }
      }
    }
  ]
}