{
  "aggregations": [
    {
      "version": "v0.3.0",
      "dev": false,
      "first": 1765772178,
      "last": 1775020314,
      "results": {
        "UnmarshalMainnetBlock": {
          "samples": 228,
          "ns_op": [
            59197.91315789474,
            56021.8,
            65313.2
          ],
          "bytes": [
            148445.20614035067,
            148445.0,
            148446.0
          ],
          "alloc": [
            971.0,
            971.0,
            971.0
          ]
        },
        "MarshalMainnetBlock": {
          "samples": 228,
          "ns_op": [
            30290.421929824573,
            28109.2,
            35645.0
          ],
          "bytes": [
            131080.00087719297,
            131080.0,
            131080.2
          ],
          "alloc": [
            1.0,
            1.0,
            1.0
          ]
        },
        "HashTreeRootMainnetBlock": {
          "samples": 228,
          "ns_op": [
            600810.2122807028,
            569388.2,
            720578.8
          ],
          "bytes": [
            1.413157894736842,
            0.0,
            3.0
          ],
          "alloc": [
            0.0,
            0.0,
            0.0
          ]
        },
        "UnmarshalMainnetState": {
          "samples": 228,
          "ns_op": [
            9971894.321052637,
            9297174.8,
            11118789.0
          ],
          "bytes": [
            18354836.79035089,
            18354818.0,
            18354865.6
          ],
          "alloc": [
            102066.51315789482,
            102066.0,
            102067.0
          ]
        },
        "MarshalMainnetState": {
          "samples": 228,
          "ns_op": [
            7599680.720175433,
            6292674.6,
            8016620.8
          ],
          "bytes": [
            16785813.115789473,
            16785797.4,
            16785823.2
          ],
          "alloc": [
            3.0035087719298255,
            3.0,
            3.2
          ]
        },
        "HashTreeRootMainnetState": {
          "samples": 228,
          "ns_op": [
            65198712.72543858,
            62470078.2,
            84877777.8
          ],
          "bytes": [
            581.2850877192978,
            544.0,
            809.2
          ],
          "alloc": [
            1.0,
            1.0,
            1.0
          ]
        },
        "UnmarshalReaderMainnetBlock": {
          "samples": 183,
          "ns_op": [
            76913.36393442623,
            70824.2,
            84312.0
          ],
          "bytes": [
            148493.26557377027,
            148492.8,
            148494.0
          ],
          "alloc": [
            972.0,
            972.0,
            972.0
          ]
        },
        "MarshalWriterMainnetBlock": {
          "samples": 183,
          "ns_op": [
            29564.8207650273,
            27588.8,
            31740.0
          ],
          "bytes": [
            0.0,
            0.0,
            0.0
          ],
          "alloc": [
            0.0,
            0.0,
            0.0
          ]
        },
        "UnmarshalReaderMainnetState": {
          "samples": 183,
          "ns_op": [
            17156724.78469945,
            16429989.2,
            18356092.0
          ],
          "bytes": [
            18354882.65573771,
            18354860.4,
            18354918.6
          ],
          "alloc": [
            102067.33005464479,
            102067.0,
            102068.2
          ]
        },
        "MarshalWriterMainnetState": {
          "samples": 183,
          "ns_op": [
            8785037.54098361,
            7871947.2,
            10301106.4
          ],
          "bytes": [
            5.037158469945357,
            4.0,
            5.4
          ],
          "alloc": [
            0.0,
            0.0,
            0.0
          ]
        }
      }
    },
    {
      "version": "v0.0.0-20240918120927-559052cc385d",
      "dev": true,
      "first": 1765781902,
      "last": 1775020314,
      "results": {
        "UnmarshalMainnetBlock": {
          "samples": 226,
          "ns_op": [
            59288.4433628319,
            55124.8,
            66777.0
          ],
          "bytes": [
            148445.19380530942,
            148444.8,
            148445.8
          ],
          "alloc": [
            971.0,
            971.0,
            971.0
          ]
        },
        "MarshalMainnetBlock": {
          "samples": 226,
          "ns_op": [
            30365.09557522125,
            27568.4,
            35254.6
          ],
          "bytes": [
            131080.0017699115,
            131080.0,
            131080.2
          ],
          "alloc": [
            1.0,
            1.0,
            1.0
          ]
        },
        "HashTreeRootMainnetBlock": {
          "samples": 226,
          "ns_op": [
            600923.0557522128,
            552758.4,
            723392.4
          ],
          "bytes": [
            1.435398230088496,
            0.4,
            3.0
          ],
          "alloc": [
            0.0,
            0.0,
            0.0
          ]
        },
        "UnmarshalMainnetState": {
          "samples": 226,
          "ns_op": [
            9989321.97964602,
            9345448.0,
            11081518.6
          ],
          "bytes": [
            18354837.713274363,
            18354816.0,
            18354869.2
          ],
          "alloc": [
            102066.50353982308,
            102066.0,
            102067.2
          ]
        },
        "MarshalMainnetState": {
          "samples": 226,
          "ns_op": [
            7571427.063716815,
            6355993.8,
            8137313.2
          ],
          "bytes": [
            16785812.305309735,
            16785796.2,
            16785821.6
          ],
          "alloc": [
            3.001769911504425,
            2.8,
            3.2
          ]
        },
        "HashTreeRootMainnetState": {
          "samples": 226,
          "ns_op": [
            65192851.19911504,
            62657313.6,
            84814051.6
          ],
          "bytes": [
            581.3371681415935,
            544.0,
            796.0
          ],
          "alloc": [
            1.0,
            1.0,
            1.0
          ]
        },
        "UnmarshalReaderMainnetBlock": {
          "samples": 183,
          "ns_op": [
            76951.14426229509,
            69665.2,
            85823.0
          ],
          "bytes": [
            148493.28196721288,
            148493.0,
            148494.2
          ],
          "alloc": [
            972.0,
            972.0,
            972.0
          ]
        },
        "MarshalWriterMainnetBlock": {
          "samples": 183,
          "ns_op": [
            29560.79344262295,
            27641.2,
            31803.4
          ],
          "bytes": [
            0.0,
            0.0,
            0.0
          ],
          "alloc": [
            0.0,
            0.0,
            0.0
          ]
        },
        "UnmarshalReaderMainnetState": {
          "samples": 183,
          "ns_op": [
            17174145.79781421,
            16520538.2,
            18298993.2
          ],
          "bytes": [
            18354881.362841528,
            18354860.6,
            18354911.2
          ],
          "alloc": [
            102067.30382513654,
            102067.0,
            102068.0
          ]
        },
        "MarshalWriterMainnetState": {
          "samples": 183,
          "ns_op": [
            8854812.89945355,
            7908709.6,
            11783843.6
          ],
          "bytes": [
            5.036065573770497,
            4.4,
            5.6
          ],
          "alloc": [
            0.0,
            0.0,
            0.0
          ]
        }
      }
    }
  ]
}