{
  "aggregations": [
    {
      "version": "v0.3.0",
      "dev": false,
      "first": 1771341949,
      "last": 1772339635,
      "results": {
        "UnmarshalMainnetBlock": {
          "samples": 24,
          "ns_op": [
            59456.73333333333,
            56270.0,
            64491.0
          ],
          "bytes": [
            148445.225,
            148445.0,
            148445.6
          ],
          "alloc": [
            971.0,
            971.0,
            971.0
          ]
        },
        "UnmarshalReaderMainnetBlock": {
          "samples": 24,
          "ns_op": [
            76807.30833333335,
            73028.8,
            83979.6
          ],
          "bytes": [
            148493.2666666667,
            148493.0,
            148493.8
          ],
          "alloc": [
            972.0,
            972.0,
            972.0
          ]
        },
        "MarshalMainnetBlock": {
          "samples": 24,
          "ns_op": [
            30267.199999999997,
            28109.2,
            33434.6
          ],
          "bytes": [
            131080.0,
            131080.0,
            131080.0
          ],
          "alloc": [
            1.0,
            1.0,
            1.0
          ]
        },
        "MarshalWriterMainnetBlock": {
          "samples": 24,
          "ns_op": [
            29255.366666666665,
            27666.8,
            30083.2
          ],
          "bytes": [
            0.0,
            0.0,
            0.0
          ],
          "alloc": [
            0.0,
            0.0,
            0.0
          ]
        },
        "HashTreeRootMainnetBlock": {
          "samples": 24,
          "ns_op": [
            605603.8416666668,
            584715.4,
            718274.8
          ],
          "bytes": [
            1.4666666666666668,
            0.4,
            3.0
          ],
          "alloc": [
            0.0,
            0.0,
            0.0
          ]
        },
        "UnmarshalMainnetState": {
          "samples": 24,
          "ns_op": [
            9791175.608333332,
            9421747.0,
            10177337.8
          ],
          "bytes": [
            18354836.875,
            18354820.0,
            18354865.6
          ],
          "alloc": [
            102066.44166666665,
            102066.0,
            102066.8
          ]
        },
        "UnmarshalReaderMainnetState": {
          "samples": 24,
          "ns_op": [
            17244395.016666662,
            16843405.4,
            17764773.4
          ],
          "bytes": [
            18354881.7,
            18354866.6,
            18354905.0
          ],
          "alloc": [
            102067.33333333333,
            102067.0,
            102067.8
          ]
        },
        "MarshalMainnetState": {
          "samples": 24,
          "ns_op": [
            7510082.425,
            6292674.6,
            7820777.4
          ],
          "bytes": [
            16785813.150000002,
            16785800.2,
            16785819.8
          ],
          "alloc": [
            3.016666666666667,
            3.0,
            3.2
          ]
        },
        "MarshalWriterMainnetState": {
          "samples": 24,
          "ns_op": [
            8740972.05833333,
            8441689.2,
            9091087.4
          ],
          "bytes": [
            5.041666666666667,
            5.0,
            5.4
          ],
          "alloc": [
            0.0,
            0.0,
            0.0
          ]
        },
        "HashTreeRootMainnetState": {
          "samples": 24,
          "ns_op": [
            65870934.28333333,
            62720355.8,
            84877777.8
          ],
          "bytes": [
            592.4499999999999,
            544.0,
            796.0
          ],
          "alloc": [
            1.0,
            1.0,
            1.0
          ]
        }
      }
    },
    {
      "version": "v0.0.0-20240918120927-559052cc385d",
      "dev": true,
      "first": 1771341949,
      "last": 1772339635,
      "results": {
        "UnmarshalMainnetBlock": {
          "samples": 24,
          "ns_op": [
            59223.36666666667,
            56640.0,
            63791.0
          ],
          "bytes": [
            148445.17500000002,
            148445.0,
            148445.6
          ],
          "alloc": [
            971.0,
            971.0,
            971.0
          ]
        },
        "UnmarshalReaderMainnetBlock": {
          "samples": 24,
          "ns_op": [
            76448.81666666667,
            73191.4,
            83061.2
          ],
          "bytes": [
            148493.24166666667,
            148493.0,
            148493.8
          ],
          "alloc": [
            972.0,
            972.0,
            972.0
          ]
        },
        "MarshalMainnetBlock": {
          "samples": 24,
          "ns_op": [
            30126.699999999997,
            28033.4,
            33124.8
          ],
          "bytes": [
            131080.00833333333,
            131080.0,
            131080.2
          ],
          "alloc": [
            1.0,
            1.0,
            1.0
          ]
        },
        "MarshalWriterMainnetBlock": {
          "samples": 24,
          "ns_op": [
            29239.583333333332,
            27641.2,
            30246.4
          ],
          "bytes": [
            0.0,
            0.0,
            0.0
          ],
          "alloc": [
            0.0,
            0.0,
            0.0
          ]
        },
        "HashTreeRootMainnetBlock": {
          "samples": 24,
          "ns_op": [
            605716.4833333335,
            584333.6,
            719803.2
          ],
          "bytes": [
            1.3916666666666666,
            0.8,
            2.4
          ],
          "alloc": [
            0.0,
            0.0,
            0.0
          ]
        },
        "UnmarshalMainnetState": {
          "samples": 24,
          "ns_op": [
            9820049.258333335,
            9470528.0,
            10456993.2
          ],
          "bytes": [
            18354840.48333333,
            18354822.2,
            18354868.2
          ],
          "alloc": [
            102066.60833333332,
            102066.0,
            102067.0
          ]
        },
        "UnmarshalReaderMainnetState": {
          "samples": 24,
          "ns_op": [
            17229205.216666665,
            16850169.0,
            17680396.6
          ],
          "bytes": [
            18354884.541666668,
            18354863.0,
            18354911.2
          ],
          "alloc": [
            102067.375,
            102067.0,
            102067.8
          ]
        },
        "MarshalMainnetState": {
          "samples": 24,
          "ns_op": [
            7446520.258333333,
            6355993.8,
            7894515.2
          ],
          "bytes": [
            16785812.69999999,
            16785800.2,
            16785818.2
          ],
          "alloc": [
            3.0,
            3.0,
            3.0
          ]
        },
        "MarshalWriterMainnetState": {
          "samples": 24,
          "ns_op": [
            8958259.258333331,
            8302466.8,
            11783843.6
          ],
          "bytes": [
            5.050000000000001,
            4.6,
            5.4
          ],
          "alloc": [
            0.0,
            0.0,
            0.0
          ]
        },
        "HashTreeRootMainnetState": {
          "samples": 24,
          "ns_op": [
            65838370.775,
            62701062.8,
            84679537.6
          ],
          "bytes": [
            592.1916666666665,
            544.0,
            796.0
          ],
          "alloc": [
            1.0,
            1.0,
            1.0
          ]
        }
      }
    }
  ]
}