{
  "aggregations": [
    {
      "version": "v0.0.0-20260421202104-7a6eb71e6e45",
      "dev": false,
      "first": 1776873042,
      "last": 1777614820,
      "results": {
        "UnmarshalMainnetBlock": {
          "samples": 17,
          "ns_op": [
            52932.55294117648,
            40943.0,
            58456.4
          ],
          "bytes": [
            161816.0,
            161816.0,
            161816.0
          ],
          "alloc": [
            1515.0,
            1515.0,
            1515.0
          ]
        },
        "MarshalMainnetBlock": {
          "samples": 17,
          "ns_op": [
            16438.458823529414,
            12044.4,
            19020.0
          ],
          "bytes": [
            131072.0,
            131072.0,
            131072.0
          ],
          "alloc": [
            1.0,
            1.0,
            1.0
          ]
        },
        "HashTreeRootMainnetBlock": {
          "samples": 17,
          "ns_op": [
            723872.894117647,
            585951.8,
            856819.4
          ],
          "bytes": [
            463255.9176470588,
            463251.0,
            463259.2
          ],
          "alloc": [
            3252.0,
            3252.0,
            3252.0
          ]
        },
        "UnmarshalMainnetState": {
          "samples": 17,
          "ns_op": [
            7855868.694117646,
            6020974.0,
            9939432.8
          ],
          "bytes": [
            20334690.37647059,
            20334689.4,
            20334692.2
          ],
          "alloc": [
            185015.0,
            185015.0,
            185015.0
          ]
        },
        "MarshalMainnetState": {
          "samples": 17,
          "ns_op": [
            3182267.023529412,
            2174462.8,
            5783057.2
          ],
          "bytes": [
            16785408.0,
            16785408.0,
            16785408.0
          ],
          "alloc": [
            1.0,
            1.0,
            1.0
          ]
        },
        "HashTreeRootMainnetState": {
          "samples": 17,
          "ns_op": [
            79251858.39999999,
            62592879.8,
            104803687.8
          ],
          "bytes": [
            48489253.988235295,
            48168128.4,
            48924306.0
          ],
          "alloc": [
            408256.9529411764,
            408256.0,
            408258.0
          ]
        }
      }
    },
    {
      "version": "v0.0.0-20260401175048-c57e478b88da",
      "dev": false,
      "first": 1775144100,
      "last": 1776834736,
      "results": {
        "UnmarshalMainnetBlock": {
          "samples": 40,
          "ns_op": [
            53993.709999999985,
            50619.0,
            64160.6
          ],
          "bytes": [
            161816.0,
            161816.0,
            161816.0
          ],
          "alloc": [
            1515.0,
            1515.0,
            1515.0
          ]
        },
        "MarshalMainnetBlock": {
          "samples": 40,
          "ns_op": [
            17140.32,
            14900.8,
            21489.4
          ],
          "bytes": [
            131072.0,
            131072.0,
            131072.0
          ],
          "alloc": [
            1.0,
            1.0,
            1.0
          ]
        },
        "HashTreeRootMainnetBlock": {
          "samples": 40,
          "ns_op": [
            715006.0650000002,
            685956.4,
            854696.6
          ],
          "bytes": [
            463255.86,
            463249.2,
            463260.0
          ],
          "alloc": [
            3252.0,
            3252.0,
            3252.0
          ]
        },
        "UnmarshalMainnetState": {
          "samples": 40,
          "ns_op": [
            7857163.400000001,
            7500980.6,
            9545741.2
          ],
          "bytes": [
            20334690.494999997,
            20334688.8,
            20334698.4
          ],
          "alloc": [
            185015.0,
            185015.0,
            185015.0
          ]
        },
        "MarshalMainnetState": {
          "samples": 40,
          "ns_op": [
            3112745.9199999995,
            2583007.2,
            5472022.4
          ],
          "bytes": [
            16785408.0,
            16785408.0,
            16785408.0
          ],
          "alloc": [
            1.0,
            1.0,
            1.0
          ]
        },
        "HashTreeRootMainnetState": {
          "samples": 40,
          "ns_op": [
            78043251.82999998,
            74796393.2,
            104591585.6
          ],
          "bytes": [
            48479815.85,
            48412518.6,
            48924310.0
          ],
          "alloc": [
            408256.98500000004,
            408256.6,
            408258.0
          ]
        }
      }
    },
    {
      "version": "v0.0.0-20260313210737-46c2c806e3e1",
      "dev": true,
      "first": 1773468817,
      "last": 1775058771,
      "results": {
        "UnmarshalMainnetBlock": {
          "samples": 41,
          "ns_op": [
            53477.78048780487,
            51537.4,
            59823.6
          ],
          "bytes": [
            161816.0,
            161816.0,
            161816.0
          ],
          "alloc": [
            1515.0,
            1515.0,
            1515.0
          ]
        },
        "MarshalMainnetBlock": {
          "samples": 41,
          "ns_op": [
            16655.048780487803,
            15495.8,
            20790.0
          ],
          "bytes": [
            131072.0,
            131072.0,
            131072.0
          ],
          "alloc": [
            1.0,
            1.0,
            1.0
          ]
        },
        "HashTreeRootMainnetBlock": {
          "samples": 41,
          "ns_op": [
            707185.3804878048,
            683080.2,
            848167.0
          ],
          "bytes": [
            463255.4926829267,
            463249.2,
            463260.2
          ],
          "alloc": [
            3252.0,
            3252.0,
            3252.0
          ]
        },
        "UnmarshalMainnetState": {
          "samples": 41,
          "ns_op": [
            7875103.043902441,
            7595747.4,
            8876415.2
          ],
          "bytes": [
            20334690.009756103,
            20334688.6,
            20334692.2
          ],
          "alloc": [
            185015.0,
            185015.0,
            185015.0
          ]
        },
        "MarshalMainnetState": {
          "samples": 41,
          "ns_op": [
            3095065.1170731694,
            2889946.8,
            4450952.4
          ],
          "bytes": [
            16785408.00487805,
            16785408.0,
            16785408.2
          ],
          "alloc": [
            1.0,
            1.0,
            1.0
          ]
        },
        "HashTreeRootMainnetState": {
          "samples": 41,
          "ns_op": [
            77262539.63902435,
            74355126.0,
            102215182.2
          ],
          "bytes": [
            48470490.951219514,
            48396525.2,
            48924308.0
          ],
          "alloc": [
            408256.94146341475,
            408256.4,
            408258.0
          ]
        }
      }
    },
    {
      "version": "v0.0.0-20251103153600-259302269bfc",
      "dev": false,
      "first": 1773468817,
      "last": 1775104865,
      "results": {
        "UnmarshalMainnetBlock": {
          "samples": 42,
          "ns_op": [
            53280.79047619048,
            51075.2,
            57917.2
          ],
          "bytes": [
            161816.0,
            161816.0,
            161816.0
          ],
          "alloc": [
            1515.0,
            1515.0,
            1515.0
          ]
        },
        "MarshalMainnetBlock": {
          "samples": 42,