{
  "aggregations": [
    {
      "version": "v0.0.0-20260313210737-46c2c806e3e1",
      "dev": true,
      "first": 1773468817,
      "last": 1775020314,
      "results": {
        "UnmarshalMainnetBlock": {
          "samples": 40,
          "ns_op": [
            53520.92499999999,
            51537.4,
            59823.6
          ],
          "bytes": [
            161816.0,
            161816.0,
            161816.0
          ],
          "alloc": [
            1515.0,
            1515.0,
            1515.0
          ]
        },
        "MarshalMainnetBlock": {
          "samples": 40,
          "ns_op": [
            16684.029999999995,
            15501.4,
            20790.0
          ],
          "bytes": [
            131072.0,
            131072.0,
            131072.0
          ],
          "alloc": [
            1.0,
            1.0,
            1.0
          ]
        },
        "HashTreeRootMainnetBlock": {
          "samples": 40,
          "ns_op": [
            707675.0649999998,
            683080.2,
            848167.0
          ],
          "bytes": [
            463255.5999999999,
            463249.2,
            463260.2
          ],
          "alloc": [
            3252.0,
            3252.0,
            3252.0
          ]
        },
        "UnmarshalMainnetState": {
          "samples": 40,
          "ns_op": [
            7879831.4750000015,
            7595747.4,
            8876415.2
          ],
          "bytes": [
            20334689.995000005,
            20334688.6,
            20334692.2
          ],
          "alloc": [
            185015.0,
            185015.0,
            185015.0
          ]
        },
        "MarshalMainnetState": {
          "samples": 40,
          "ns_op": [
            3098859.259999999,
            2889946.8,
            4450952.4
          ],
          "bytes": [
            16785408.005000003,
            16785408.0,
            16785408.2
          ],
          "alloc": [
            1.0,
            1.0,
            1.0
          ]
        },
        "HashTreeRootMainnetState": {
          "samples": 40,
          "ns_op": [
            77322982.06499997,
            74355126.0,
            102215182.2
          ],
          "bytes": [
            48471540.39,
            48396525.2,
            48924308.0
          ],
          "alloc": [
            408256.9450000001,
            408256.4,
            408258.0
          ]
        }
      }
    },
    {
      "version": "v0.0.0-20251103153600-259302269bfc",
      "dev": false,
      "first": 1773468817,
      "last": 1775020314,
      "results": {
        "UnmarshalMainnetBlock": {
          "samples": 40,
          "ns_op": [
            53277.73,
            51075.2,
            57917.2
          ],
          "bytes": [
            161816.0,
            161816.0,
            161816.0
          ],
          "alloc": [
            1515.0,
            1515.0,
            1515.0
          ]
        },
        "MarshalMainnetBlock": {
          "samples": 40,
          "ns_op": [
            16684.4,
            15565.0,
            18476.2
          ],
          "bytes": [
            131072.0,
            131072.0,
            131072.0
          ],
          "alloc": [
            1.0,
            1.0,
            1.0
          ]
        },
        "HashTreeRootMainnetBlock": {
          "samples": 40,
          "ns_op": [
            707209.8600000002,
            682155.0,
            841880.6
          ],
          "bytes": [
            463255.6200000001,
            463251.2,
            463260.0
          ],
          "alloc": [
            3252.0,
            3252.0,
            3252.0
          ]
        },
        "UnmarshalMainnetState": {
          "samples": 40,
          "ns_op": [
            7883428.860000001,
            7643054.8,
            8869556.4
          ],
          "bytes": [
            20334690.27,
            20334688.4,
            20334696.0
          ],
          "alloc": [
            185015.0,
            185015.0,
            185015.0
          ]
        },
        "MarshalMainnetState": {
          "samples": 40,
          "ns_op": [
            3100265.715000001,
            2894436.8,
            4424523.2
          ],
          "bytes": [
            16785408.0,
            16785408.0,
            16785408.0
          ],
          "alloc": [
            1.0,
            1.0,
            1.0
          ]
        },
        "HashTreeRootMainnetState": {
          "samples": 40,
          "ns_op": [
            77396808.88999997,
            74439240.6,
            102829866.4
          ],
          "bytes": [
            48472555.31000001,
            48412517.2,
            48924309.8
          ],
          "alloc": [
            408256.9750000001,
            408256.6,
            408258.0
          ]
        }
      }
    }
  ]
}