{
  "aggregations": [
    {
      "version": "v0.0.0-20260421202104-7a6eb71e6e45",
      "dev": false,
      "first": 1776873042,
      "last": 1780298944,
      "results": {
        "UnmarshalMainnetBlock": {
          "samples": 79,
          "ns_op": [
            53400.311392405056,
            39302.0,
            63716.2
          ],
          "bytes": [
            161816.0,
            161816.0,
            161816.0
          ],
          "alloc": [
            1515.0,
            1515.0,
            1515.0
          ]
        },
        "MarshalMainnetBlock": {
          "samples": 79,
          "ns_op": [
            16525.673417721526,
            11532.2,
            23644.0
          ],
          "bytes": [
            131072.0,
            131072.0,
            131072.0
          ],
          "alloc": [
            1.0,
            1.0,
            1.0
          ]
        },
        "HashTreeRootMainnetBlock": {
          "samples": 79,
          "ns_op": [
            730804.5645569618,
            580010.0,
            858707.8
          ],
          "bytes": [
            463255.9999999999,
            463248.6,
            463260.0
          ],
          "alloc": [
            3252.0,
            3252.0,
            3252.0
          ]
        },
        "UnmarshalMainnetState": {
          "samples": 79,
          "ns_op": [
            7758024.93164557,
            5875460.0,
            9939432.8
          ],
          "bytes": [
            20334690.369620256,
            20334688.6,
            20334693.0
          ],
          "alloc": [
            185015.0,
            185015.0,
            185015.0
          ]
        },
        "MarshalMainnetState": {
          "samples": 79,
          "ns_op": [
            3023946.620253165,
            2108482.4,
            5783057.2
          ],
          "bytes": [
            16785408.027848102,
            16785408.0,
            16785410.2
          ],
          "alloc": [
            1.0,
            1.0,
            1.0
          ]
        },
        "HashTreeRootMainnetState": {
          "samples": 79,
          "ns_op": [
            79548423.45316459,
            62332810.8,
            104803687.8
          ],
          "bytes": [
            48497728.972151905,
            48158308.8,
            48924308.0
          ],
          "alloc": [
            408256.98481012665,
            408256.0,
            408258.0
          ]
        }
      }
    },
    {
      "version": "v0.0.0-20260401175048-c57e478b88da",
      "dev": false,
      "first": 1775144100,
      "last": 1776834736,
      "results": {
        "UnmarshalMainnetBlock": {
          "samples": 40,
          "ns_op": [
            53993.709999999985,
            50619.0,
            64160.6
          ],
          "bytes": [
            161816.0,
            161816.0,
            161816.0
          ],
          "alloc": [
            1515.0,
            1515.0,
            1515.0
          ]
        },
        "MarshalMainnetBlock": {
          "samples": 40,
          "ns_op": [
            17140.32,
            14900.8,
            21489.4
          ],
          "bytes": [
            131072.0,
            131072.0,
            131072.0
          ],
          "alloc": [
            1.0,
            1.0,
            1.0
          ]
        },
        "HashTreeRootMainnetBlock": {
          "samples": 40,
          "ns_op": [
            715006.0650000002,
            685956.4,
            854696.6
          ],
          "bytes": [
            463255.86,
            463249.2,
            463260.0
          ],
          "alloc": [
            3252.0,
            3252.0,
            3252.0
          ]
        },
        "UnmarshalMainnetState": {
          "samples": 40,
          "ns_op": [
            7857163.400000001,
            7500980.6,
            9545741.2
          ],
          "bytes": [
            20334690.494999997,
            20334688.8,
            20334698.4
          ],
          "alloc": [
            185015.0,
            185015.0,
            185015.0
          ]
        },
        "MarshalMainnetState": {
          "samples": 40,
          "ns_op": [
            3112745.9199999995,
            2583007.2,
            5472022.4
          ],
          "bytes": [
            16785408.0,
            16785408.0,
            16785408.0
          ],
          "alloc": [
            1.0,
            1.0,
            1.0
          ]
        },
        "HashTreeRootMainnetState": {
          "samples": 40,
          "ns_op": [
            78043251.82999998,
            74796393.2,
            104591585.6
          ],
          "bytes": [
            48479815.85,
            48412518.6,
            48924310.0
          ],
          "alloc": [
            408256.98500000004,
            408256.6,
            408258.0
          ]
        }
      }
    },
    {
      "version": "v0.0.0-20260313210737-46c2c806e3e1",
      "dev": true,
      "first": 1773468817,
      "last": 1775058771,
      "results": {
        "UnmarshalMainnetBlock": {
          "samples": 41,
          "ns_op": [
            53477.78048780487,
            51537.4,
            59823.6
          ],
          "bytes": [
            161816.0,
            161816.0,
            161816.0
          ],
          "alloc": [
            1515.0,
            1515.0,
            1515.0
          ]
        },
        "MarshalMainnetBlock": {
          "samples": 41,
          "ns_op": [
            16655.048780487803,
            15495.8,
            20790.0
          ],
          "bytes": [
            131072.0,
            131072.0,
            131072.0
          ],
          "alloc": [
            1.0,
            1.0,
            1.0
          ]
        },
        "HashTreeRootMainnetBlock": {
          "samples": 41,
          "ns_op": [
            707185.3804878048,
            683080.2,
            848167.0
          ],
          "bytes": [
            463255.4926829267,
            463249.2,
            463260.2
          ],
          "alloc": [
            3252.0,
            3252.0,
            3252.0
          ]
        },
        "UnmarshalMainnetState": {
          "samples": 41,
          "ns_op": [
            7875103.043902441,
            7595747.4,
            8876415.2
          ],
          "bytes": [
            20334690.009756103,
            20334688.6,
            20334692.2
          ],
          "alloc": [
            185015.0,
            185015.0,
            185015.0
          ]
        },
        "MarshalMainnetState": {
          "samples": 41,
          "ns_op": [
            3095065.1170731694,
            2889946.8,
            4450952.4
          ],
          "bytes": [
            16785408.00487805,
            16785408.0,
            16785408.2
          ],
          "alloc": [
            1.0,
            1.0,
            1.0
          ]
        },
        "HashTreeRootMainnetState": {
          "samples": 41,
          "ns_op": [
            77262539.63902435,
            74355126.0,
            102215182.2
          ],
          "bytes": [
            48470490.951219514,
            48396525.2,
            48924308.0
          ],
          "alloc": [
            408256.94146341475,
            408256.4,
            408258.0
          ]
        }
      }
    },
    {
      "version": "v0.0.0-20251103153600-259302269bfc",
      "dev": false,
      "first": 1773468817,
      "last": 1775104865,
      "results": {
        "UnmarshalMainnetBlock": {
          "samples": 42,
          "ns_op": [
            53280.79047619048,
            51075.2,
            57917.2
          ],
          "bytes": [
            161816.0,
            161816.0,
            161816.0
          ],
          "alloc": [
            1515.0,
            1515.0,
            1515.0
          ]
        },
        "MarshalMainnetBlock": {
          "samples": 42,