{
  "aggregations": [
    {
      "version": "v0.34.1",
      "dev": false,
      "first": 1773468817,
      "last": 1775020314,
      "results": {
        "UnmarshalMainnetBlock": {
          "samples": 40,
          "ns_op": [
            211745.4349999999,
            203769.4,
            227005.8
          ],
          "bytes": [
            355224.1799999997,
            355224.0,
            355224.2
          ],
          "alloc": [
            3672.0,
            3672.0,
            3672.0
          ]
        },
        "MarshalMainnetBlock": {
          "samples": 40,
          "ns_op": [
            143383.695,
            130312.4,
            154022.6
          ],
          "bytes": [
            328720.005,
            328720.0,
            328720.2
          ],
          "alloc": [
            2535.0,
            2535.0,
            2535.0
          ]
        },
        "HashTreeRootMainnetBlock": {
          "samples": 40,
          "ns_op": [
            1451398.675,
            1424212.2,
            1517290.8
          ],
          "bytes": [
            470912.2949999999,
            470912.0,
            470913.6
          ],
          "alloc": [
            10440.0,
            10440.0,
            10440.0
          ]
        },
        "UnmarshalMainnetState": {
          "samples": 40,
          "ns_op": [
            61715035.55,
            59865077.6,
            67056016.6
          ],
          "bytes": [
            74835058.92999999,
            74835049.4,
            74835072.8
          ],
          "alloc": [
            1122797.0,
            1122797.0,
            1122797.0
          ]
        },
        "MarshalMainnetState": {
          "samples": 40,
          "ns_op": [
            26634138.500000004,
            25213724.4,
            30167605.8
          ],
          "bytes": [
            70588465.995,
            70588464.4,
            70588470.2
          ],
          "alloc": [
            110302.0,
            110302.0,
            110302.0
          ]
        },
        "HashTreeRootMainnetState": {
          "samples": 40,
          "ns_op": [
            193238543.42499995,
            190426243.8,
            200518277.2
          ],
          "bytes": [
            57180305.279999994,
            57180300.6,
            57180314.6
          ],
          "alloc": [
            1658983.0,
            1658983.0,
            1658983.0
          ]
        }
      }
    },
    {
      "version": "v0.32.2",
      "dev": false,
      "first": 1765791584,
      "last": 1773462126,
      "results": {
        "UnmarshalMainnetBlock": {
          "samples": 182,
          "ns_op": [
            212595.2054945054,
            201980.0,
            226464.4
          ],
          "bytes": [
            355224.1373626381,
            355224.0,
            355224.4
          ],
          "alloc": [
            3672.0,
            3672.0,
            3672.0
          ]
        },
        "MarshalMainnetBlock": {
          "samples": 182,
          "ns_op": [
            141048.6791208791,
            128899.4,
            153127.6
          ],
          "bytes": [
            328720.0043956043,
            328720.0,
            328720.2
          ],
          "alloc": [
            2535.0,
            2535.0,
            2535.0
          ]
        },
        "HashTreeRootMainnetBlock": {
          "samples": 182,
          "ns_op": [
            1448037.8329670313,
            1414133.6,
            1569813.6
          ],
          "bytes": [
            470912.24065934157,
            470912.0,
            470912.8
          ],
          "alloc": [
            10440.0,
            10440.0,
            10440.0
          ]
        },
        "UnmarshalMainnetState": {
          "samples": 182,
          "ns_op": [
            61170135.779120855,
            59428237.4,
            64280563.0
          ],
          "bytes": [
            74835058.73296697,
            74835046.0,
            74835120.6
          ],
          "alloc": [
            1122797.0,
            1122797.0,
            1122797.0
          ]
        },
        "MarshalMainnetState": {
          "samples": 182,
          "ns_op": [
            26858069.623076953,
            24623039.0,
            29525403.2
          ],
          "bytes": [
            70588466.43736258,
            70588462.4,
            70588473.8
          ],
          "alloc": [
            110302.0,
            110302.0,
            110302.0
          ]
        },
        "HashTreeRootMainnetState": {
          "samples": 182,
          "ns_op": [
            193797885.03186822,
            190152129.4,
            207089510.4
          ],
          "bytes": [
            57180306.06703296,
            57180298.8,
            57180477.0
          ],
          "alloc": [
            1658983.0,
            1658983.0,
            1658983.0
          ]
        }
      }
    }
  ]
}