{
  "aggregations": [
    {
      "version": "v0.32.2",
      "dev": false,
      "first": 1771341949,
      "last": 1772339635,
      "results": {
        "UnmarshalMainnetBlock": {
          "samples": 24,
          "ns_op": [
            212683.525,
            202246.8,
            221591.4
          ],
          "bytes": [
            355224.1416666668,
            355224.0,
            355224.4
          ],
          "alloc": [
            3672.0,
            3672.0,
            3672.0
          ]
        },
        "MarshalMainnetBlock": {
          "samples": 24,
          "ns_op": [
            141998.85,
            130147.4,
            152268.4
          ],
          "bytes": [
            328720.0,
            328720.0,
            328720.0
          ],
          "alloc": [
            2535.0,
            2535.0,
            2535.0
          ]
        },
        "HashTreeRootMainnetBlock": {
          "samples": 24,
          "ns_op": [
            1454871.7333333336,
            1427867.4,
            1543760.6
          ],
          "bytes": [
            470912.2749999999,
            470912.0,
            470912.6
          ],
          "alloc": [
            10440.0,
            10440.0,
            10440.0
          ]
        },
        "UnmarshalMainnetState": {
          "samples": 24,
          "ns_op": [
            61449207.68333334,
            60417828.0,
            62828678.0
          ],
          "bytes": [
            74835058.275,
            74835049.8,
            74835069.0
          ],
          "alloc": [
            1122797.0,
            1122797.0,
            1122797.0
          ]
        },
        "MarshalMainnetState": {
          "samples": 24,
          "ns_op": [
            26990995.78333333,
            25274107.6,
            29154222.4
          ],
          "bytes": [
            70588466.31666668,
            70588463.8,
            70588468.4
          ],
          "alloc": [
            110302.0,
            110302.0,
            110302.0
          ]
        },
        "HashTreeRootMainnetState": {
          "samples": 24,
          "ns_op": [
            193977281.79166666,
            190779039.8,
            205068413.6
          ],
          "bytes": [
            57180305.833333336,
            57180301.0,
            57180317.4
          ],
          "alloc": [
            1658983.0,
            1658983.0,
            1658983.0
          ]
        }
      }
    }
  ]
}