{
  "aggregations": [
    {
      "version": "v0.34.1",
      "dev": false,
      "first": 1773468817,
      "last": 1777614820,
      "results": {
        "UnmarshalMainnetBlock": {
          "samples": 99,
          "ns_op": [
            211235.27878787878,
            160648.2,
            234192.6
          ],
          "bytes": [
            355224.1858585855,
            355224.0,
            355224.4
          ],
          "alloc": [
            3672.0,
            3672.0,
            3672.0
          ]
        },
        "MarshalMainnetBlock": {
          "samples": 99,
          "ns_op": [
            142811.36161616154,
            103979.4,
            161069.0
          ],
          "bytes": [
            328720.00404040416,
            328720.0,
            328720.2
          ],
          "alloc": [
            2535.0,
            2535.0,
            2535.0
          ]
        },
        "HashTreeRootMainnetBlock": {
          "samples": 99,
          "ns_op": [
            1455672.2464646464,
            1171402.2,
            1529182.0
          ],
          "bytes": [
            470912.28282828274,
            470912.0,
            470913.6
          ],
          "alloc": [
            10440.0,
            10440.0,
            10440.0
          ]
        },
        "UnmarshalMainnetState": {
          "samples": 99,
          "ns_op": [
            61683008.22424242,
            47789469.8,
            68104568.0
          ],
          "bytes": [
            74835060.05050506,
            74835049.4,
            74835112.4
          ],
          "alloc": [
            1122797.0,
            1122797.0,
            1122797.0
          ]
        },
        "MarshalMainnetState": {
          "samples": 99,
          "ns_op": [
            26248985.767676782,
            19679616.4,
            31714066.8
          ],
          "bytes": [
            70588466.10909091,
            70588462.4,
            70588470.2
          ],
          "alloc": [
            110302.0,
            110302.0,
            110302.0
          ]
        },
        "HashTreeRootMainnetState": {
          "samples": 99,
          "ns_op": [
            193978350.65656573,
            157934672.2,
            204137038.2
          ],
          "bytes": [
            57180305.23030301,
            57180298.6,
            57180320.4
          ],
          "alloc": [
            1658983.0,
            1658983.0,
            1658983.0
          ]
        }
      }
    },
    {
      "version": "v0.32.2",
      "dev": false,
      "first": 1765791584,
      "last": 1773462126,
      "results": {
        "UnmarshalMainnetBlock": {
          "samples": 182,
          "ns_op": [
            212595.2054945054,
            201980.0,
            226464.4
          ],
          "bytes": [
            355224.1373626381,
            355224.0,
            355224.4
          ],
          "alloc": [
            3672.0,
            3672.0,
            3672.0
          ]
        },
        "MarshalMainnetBlock": {
          "samples": 182,
          "ns_op": [
            141048.6791208791,
            128899.4,
            153127.6
          ],
          "bytes": [
            328720.0043956043,
            328720.0,
            328720.2
          ],
          "alloc": [
            2535.0,
            2535.0,
            2535.0
          ]
        },
        "HashTreeRootMainnetBlock": {
          "samples": 182,
          "ns_op": [
            1448037.8329670313,
            1414133.6,
            1569813.6
          ],
          "bytes": [
            470912.24065934157,
            470912.0,
            470912.8
          ],
          "alloc": [
            10440.0,
            10440.0,
            10440.0
          ]
        },
        "UnmarshalMainnetState": {
          "samples": 182,
          "ns_op": [
            61170135.779120855,
            59428237.4,
            64280563.0
          ],
          "bytes": [
            74835058.73296697,
            74835046.0,
            74835120.6
          ],
          "alloc": [
            1122797.0,
            1122797.0,
            1122797.0
          ]
        },
        "MarshalMainnetState": {
          "samples": 182,
          "ns_op": [
            26858069.623076953,
            24623039.0,
            29525403.2
          ],
          "bytes": [
            70588466.43736258,
            70588462.4,
            70588473.8
          ],
          "alloc": [
            110302.0,
            110302.0,
            110302.0
          ]
        },
        "HashTreeRootMainnetState": {
          "samples": 182,
          "ns_op": [
            193797885.03186822,
            190152129.4,
            207089510.4
          ],
          "bytes": [
            57180306.06703296,
            57180298.8,
            57180477.0
          ],
          "alloc": [
            1658983.0,
            1658983.0,
            1658983.0
          ]
        }
      }
    }
  ]
}