{
  "aggregations": [
    {
      "version": "v0.34.1",
      "dev": false,
      "first": 1773468817,
      "last": 1780298944,
      "results": {
        "UnmarshalMainnetBlock": {
          "samples": 161,
          "ns_op": [
            210259.55279503114,
            156229.6,
            234192.6
          ],
          "bytes": [
            355224.18757764046,
            355224.0,
            355224.4
          ],
          "alloc": [
            3672.0,
            3672.0,
            3672.0
          ]
        },
        "MarshalMainnetBlock": {
          "samples": 161,
          "ns_op": [
            140368.08819875773,
            101639.4,
            161069.0
          ],
          "bytes": [
            328720.00621118024,
            328720.0,
            328720.2
          ],
          "alloc": [
            2535.0,
            2535.0,
            2535.0
          ]
        },
        "HashTreeRootMainnetBlock": {
          "samples": 161,
          "ns_op": [
            1458182.0931677015,
            1168138.4,
            1534025.0
          ],
          "bytes": [
            470912.2509316777,
            470912.0,
            470913.6
          ],
          "alloc": [
            10440.0,
            10440.0,
            10440.0
          ]
        },
        "UnmarshalMainnetState": {
          "samples": 161,
          "ns_op": [
            61291562.47204969,
            46754272.8,
            68104568.0
          ],
          "bytes": [
            74835059.96024844,
            74835049.4,
            74835112.4
          ],
          "alloc": [
            1122797.0,
            1122797.0,
            1122797.0
          ]
        },
        "MarshalMainnetState": {
          "samples": 161,
          "ns_op": [
            25894858.3167702,
            18528424.0,
            31714066.8
          ],
          "bytes": [
            70588466.23602487,
            70588462.4,
            70588472.0
          ],
          "alloc": [
            110302.0,
            110302.0,
            110302.0
          ]
        },
        "HashTreeRootMainnetState": {
          "samples": 161,
          "ns_op": [
            194734802.1527951,
            157483649.4,
            204691511.2
          ],
          "bytes": [
            57180305.20869562,
            57180298.6,
            57180320.4
          ],
          "alloc": [
            1658983.0,
            1658983.0,
            1658983.0
          ]
        }
      }
    },
    {
      "version": "v0.32.2",
      "dev": false,
      "first": 1765791584,
      "last": 1773462126,
      "results": {
        "UnmarshalMainnetBlock": {
          "samples": 182,
          "ns_op": [
            212595.2054945054,
            201980.0,
            226464.4
          ],
          "bytes": [
            355224.1373626381,
            355224.0,
            355224.4
          ],
          "alloc": [
            3672.0,
            3672.0,
            3672.0
          ]
        },
        "MarshalMainnetBlock": {
          "samples": 182,
          "ns_op": [
            141048.6791208791,
            128899.4,
            153127.6
          ],
          "bytes": [
            328720.0043956043,
            328720.0,
            328720.2
          ],
          "alloc": [
            2535.0,
            2535.0,
            2535.0
          ]
        },
        "HashTreeRootMainnetBlock": {
          "samples": 182,
          "ns_op": [
            1448037.8329670313,
            1414133.6,
            1569813.6
          ],
          "bytes": [
            470912.24065934157,
            470912.0,
            470912.8
          ],
          "alloc": [
            10440.0,
            10440.0,
            10440.0
          ]
        },
        "UnmarshalMainnetState": {
          "samples": 182,
          "ns_op": [
            61170135.779120855,
            59428237.4,
            64280563.0
          ],
          "bytes": [
            74835058.73296697,
            74835046.0,
            74835120.6
          ],
          "alloc": [
            1122797.0,
            1122797.0,
            1122797.0
          ]
        },
        "MarshalMainnetState": {
          "samples": 182,
          "ns_op": [
            26858069.623076953,
            24623039.0,
            29525403.2
          ],
          "bytes": [
            70588466.43736258,
            70588462.4,
            70588473.8
          ],
          "alloc": [
            110302.0,
            110302.0,
            110302.0
          ]
        },
        "HashTreeRootMainnetState": {
          "samples": 182,
          "ns_op": [
            193797885.03186822,
            190152129.4,
            207089510.4
          ],
          "bytes": [
            57180306.06703296,
            57180298.8,
            57180477.0
          ],
          "alloc": [
            1658983.0,
            1658983.0,
            1658983.0
          ]
        }
      }
    }
  ]
}