{
  "aggregations": [
    {
      "version": "v0.32.2",
      "dev": false,
      "first": 1765791584,
      "last": 1767240058,
      "results": {
        "UnmarshalMainnetBlock": {
          "samples": 34,
          "ns_op": [
            212422.7117647059,
            203125.4,
            225222.6
          ],
          "bytes": [
            355224.12941176456,
            355224.0,
            355224.4
          ],
          "alloc": [
            3672.0,
            3672.0,
            3672.0
          ]
        },
        "MarshalMainnetBlock": {
          "samples": 34,
          "ns_op": [
            139535.75294117647,
            130026.8,
            148374.8
          ],
          "bytes": [
            328720.00588235294,
            328720.0,
            328720.2
          ],
          "alloc": [
            2535.0,
            2535.0,
            2535.0
          ]
        },
        "HashTreeRootMainnetBlock": {
          "samples": 34,
          "ns_op": [
            1446734.6117647055,
            1419939.0,
            1551161.8
          ],
          "bytes": [
            470912.2176470587,
            470912.0,
            470912.4
          ],
          "alloc": [
            10440.0,
            10440.0,
            10440.0
          ]
        },
        "UnmarshalMainnetState": {
          "samples": 34,
          "ns_op": [
            60792978.84117646,
            59428237.4,
            62318558.6
          ],
          "bytes": [
            74835057.97647057,
            74835048.6,
            74835066.4
          ],
          "alloc": [
            1122797.0,
            1122797.0,
            1122797.0
          ]
        },
        "MarshalMainnetState": {
          "samples": 34,
          "ns_op": [
            26958887.647058822,
            24860480.0,
            29466495.8
          ],
          "bytes": [
            70588466.45882355,
            70588463.6,
            70588470.4
          ],
          "alloc": [
            110302.0,
            110302.0,
            110302.0
          ]
        },
        "HashTreeRootMainnetState": {
          "samples": 34,
          "ns_op": [
            194276897.54117647,
            191372003.4,
            205216998.4
          ],
          "bytes": [
            57180305.43529413,
            57180299.8,
            57180317.6
          ],
          "alloc": [
            1658983.0,
            1658983.0,
            1658983.0
          ]
        }
      }
    }
  ]
}