{
  "aggregations": [
    {
      "version": "v0.32.2",
      "dev": false,
      "first": 1765791584,
      "last": 1769920843,
      "results": {
        "UnmarshalMainnetBlock": {
          "samples": 100,
          "ns_op": [
            211866.6219999999,
            201980.0,
            226078.4
          ],
          "bytes": [
            355224.1259999999,
            355224.0,
            355224.4
          ],
          "alloc": [
            3672.0,
            3672.0,
            3672.0
          ]
        },
        "MarshalMainnetBlock": {
          "samples": 100,
          "ns_op": [
            139718.12799999994,
            128899.4,
            151911.8
          ],
          "bytes": [
            328720.00600000005,
            328720.0,
            328720.2
          ],
          "alloc": [
            2535.0,
            2535.0,
            2535.0
          ]
        },
        "HashTreeRootMainnetBlock": {
          "samples": 100,
          "ns_op": [
            1444222.9239999985,
            1414133.6,
            1569813.6
          ],
          "bytes": [
            470912.2340000003,
            470912.0,
            470912.6
          ],
          "alloc": [
            10440.0,
            10440.0,
            10440.0
          ]
        },
        "UnmarshalMainnetState": {
          "samples": 100,
          "ns_op": [
            60881566.618,
            59428237.4,
            63335685.0
          ],
          "bytes": [
            74835058.65799992,
            74835046.0,
            74835120.6
          ],
          "alloc": [
            1122797.0,
            1122797.0,
            1122797.0
          ]
        },
        "MarshalMainnetState": {
          "samples": 100,
          "ns_op": [
            26829224.530000005,
            24688361.4,
            29525403.2
          ],
          "bytes": [
            70588466.42800002,
            70588463.6,
            70588470.4
          ],
          "alloc": [
            110302.0,
            110302.0,
            110302.0
          ]
        },
        "HashTreeRootMainnetState": {
          "samples": 100,
          "ns_op": [
            193838919.54400012,
            190516892.2,
            207089510.4
          ],
          "bytes": [
            57180306.65599999,
            57180298.8,
            57180477.0
          ],
          "alloc": [
            1658983.0,
            1658983.0,
            1658983.0
          ]
        }
      }
    }
  ]
}