{
  "aggregations": [
    {
      "version": "v1.2.0",
      "dev": false,
      "first": 1771341949,
      "last": 1771685583,
      "results": {
        "UnmarshalMainnetBlock": {
          "samples": 9,
          "ns_op": [
            53251.222222222226,
            51778.2,
            56011.6
          ],
          "bytes": [
            161816.0,
            161816.0,
            161816.0
          ],
          "alloc": [
            1515.0,
            1515.0,
            1515.0
          ]
        },
        "UnmarshalReaderMainnetBlock": {
          "samples": 9,
          "ns_op": [
            74724.51111111112,
            72596.8,
            77817.0
          ],
          "bytes": [
            164691.0,
            164691.0,
            164691.0
          ],
          "alloc": [
            1522.0,
            1522.0,
            1522.0
          ]
        },
        "MarshalMainnetBlock": {
          "samples": 9,
          "ns_op": [
            17478.555555555555,
            16351.6,
            18593.6
          ],
          "bytes": [
            131072.0,
            131072.0,
            131072.0
          ],
          "alloc": [
            1.0,
            1.0,
            1.0
          ]
        },
        "MarshalWriterMainnetBlock": {
          "samples": 9,
          "ns_op": [
            29248.355555555558,
            28966.4,
            29537.4
          ],
          "bytes": [
            400.0,
            400.0,
            400.0
          ],
          "alloc": [
            5.0,
            5.0,
            5.0
          ]
        },
        "HashTreeRootMainnetBlock": {
          "samples": 9,
          "ns_op": [
            565862.5777777778,
            564702.4,
            568908.2
          ],
          "bytes": [
            4.8,
            1.6,
            8.0
          ],
          "alloc": [
            0.0,
            0.0,
            0.0
          ]
        },
        "UnmarshalMainnetState": {
          "samples": 9,
          "ns_op": [
            5889769.000000001,
            5765914.8,
            6089368.2
          ],
          "bytes": [
            18341513.000000004,
            18341512.0,
            18341513.8
          ],
          "alloc": [
            102072.0,
            102072.0,
            102072.0
          ]
        },
        "UnmarshalReaderMainnetState": {
          "samples": 9,
          "ns_op": [
            14534433.0,
            14141271.0,
            14986888.8
          ],
          "bytes": [
            18343849.200000003,
            18343848.0,
            18343850.4
          ],
          "alloc": [
            102076.0,
            102076.0,
            102076.0
          ]
        },
        "MarshalMainnetState": {
          "samples": 9,
          "ns_op": [
            2755959.888888889,
            2631387.2,
            2853513.2
          ],
          "bytes": [
            16785408.0,
            16785408.0,
            16785408.0
          ],
          "alloc": [
            1.0,
            1.0,
            1.0
          ]
        },
        "MarshalWriterMainnetState": {
          "samples": 9,
          "ns_op": [
            12804555.644444443,
            12726081.8,
            12922237.2
          ],
          "bytes": [
            300256.0444444444,
            300256.0,
            300256.2
          ],
          "alloc": [
            300003.0,
            300003.0,
            300003.0
          ]
        },
        "HashTreeRootMainnetState": {
          "samples": 9,
          "ns_op": [
            62026034.377777785,
            61823965.4,
            62379083.2
          ],
          "bytes": [
            783889.2222222221,
            530330.6,
            936652.8
          ],
          "alloc": [
            1.7333333333333334,
            1.2,
            2.0
          ]
        },
        "UnmarshalMinimalBlock": {
          "samples": 9,
          "ns_op": [
            53786.48888888889,
            52314.2,
            56270.4
          ],
          "bytes": [
            161792.0,
            161792.0,
            161792.0
          ],
          "alloc": [
            1503.0,
            1503.0,
            1503.0
          ]
        },
        "UnmarshalReaderMinimalBlock": {
          "samples": 9,
          "ns_op": [
            74702.13333333335,
            72976.4,
            76883.2
          ],
          "bytes": [
            164667.0,
            164667.0,
            164667.0
          ],
          "alloc": [
            1510.0,
            1510.0,
            1510.0
          ]
        },
        "MarshalMinimalBlock": {
          "samples": 9,
          "ns_op": [
            17737.0,
            16805.6,
            18552.4
          ],
          "bytes": [
            131072.0,
            131072.0,
            131072.0
          ],
          "alloc": [
            1.0,
            1.0,
            1.0
          ]
        },
        "MarshalWriterMinimalBlock": {
          "samples": 9,
          "ns_op": [
            29417.555555555555,
            29074.2,
            29812.0
          ],
          "bytes": [
            400.0,
            400.0,
            400.0
          ],
          "alloc": [
            5.0,
            5.0,
            5.0
          ]
        },
        "HashTreeRootMinimalBlock": {
          "samples": 9,
          "ns_op": [
            563027.9111111112,
            561414.4,
            565776.8
          ],
          "bytes": [
            4.822222222222221,
            1.6,
            8.2
          ],
          "alloc": [
            0.0,
            0.0,
            0.0
          ]
        },
        "UnmarshalMinimalState": {
          "samples": 9,
          "ns_op": [
            5024051.555555555,
            4939242.6,
            5185588.0
          ],
          "bytes": [
            15435656.088888891,
            15435655.8,
            15435656.4
          ],
          "alloc": [
            100056.0,
            100056.0,
            100056.0
          ]
        },
        "UnmarshalReaderMinimalState": {
          "samples": 9,
          "ns_op": [
            12893714.377777778,
            12568618.8,
            13201604.4
          ],
          "bytes": [
            15437992.177777776,
            15437990.8,
            15437993.4
          ],
          "alloc": [
            100060.0,
            100060.0,
            100060.0
          ]
        },
        "MarshalMinimalState": {
          "samples": 9,
          "ns_op": [
            2265842.1555555556,
            2155536.0,
            2418102.6
          ],
          "bytes": [
            13918208.0,
            13918208.0,
            13918208.0
          ],
          "alloc": [
            1.0,
            1.0,
            1.0
          ]
        },
        "MarshalWriterMinimalState": {
          "samples": 9,
          "ns_op": [
            12029573.88888889,
            11966202.0,
            12088045.4
          ],
          "bytes": [
            300256.02222222224,
            300256.0,
            300256.2
          ],
          "alloc": [
            300003.0,
            300003.0,
            300003.0
          ]
        },
        "HashTreeRootMinimalState": {
          "samples": 9,
          "ns_op": [
            57401118.11111111,
            57211371.4,
            57694018.8
          ],
          "bytes": [
            648264.1555555556,
            353551.4,
            848485.4
          ],
          "alloc": [
            1.5111111111111108,
            0.8,
            2.0
          ]
        }
      }
    },
    {
      "version": "v0.0.0-20260121121318-e74abc66207d",
      "dev": true,
      "first": 1771341949,
      "last": 1771685583,
      "results": {
        "UnmarshalMainnetBlock": {
          "samples": 9,
          "ns_op": [
            54094.13333333333,
            52710.6,
            56492.8
          ],