{
  "aggregations": [
    {
      "version": "v1.2.0",
      "dev": false,
      "first": 1771341949,
      "last": 1771685583,
      "results": {
        "UnmarshalMainnetBlock": {
          "samples": 9,
          "ns_op": [
            183120.53333333333,
            179897.6,
            187104.8
          ],
          "bytes": [
            180912.06666666665,
            180912.0,
            180912.2
          ],
          "alloc": [
            2304.0,
            2304.0,
            2304.0
          ]
        },
        "UnmarshalReaderMainnetBlock": {
          "samples": 9,
          "ns_op": [
            239699.44444444444,
            234978.6,
            243704.8
          ],
          "bytes": [
            202078.15555555554,
            202078.0,
            202078.6
          ],
          "alloc": [
            3178.0,
            3178.0,
            3178.0
          ]
        },
        "MarshalMainnetBlock": {
          "samples": 9,
          "ns_op": [
            84205.24444444446,
            82045.2,
            86301.0
          ],
          "bytes": [
            131104.0,
            131104.0,
            131104.0
          ],
          "alloc": [
            2.0,
            2.0,
            2.0
          ]
        },
        "MarshalWriterMainnetBlock": {
          "samples": 9,
          "ns_op": [
            105625.04444444446,
            105130.8,
            106451.2
          ],
          "bytes": [
            96.0,
            96.0,
            96.0
          ],
          "alloc": [
            2.0,
            2.0,
            2.0
          ]
        },
        "HashTreeRootMainnetBlock": {
          "samples": 9,
          "ns_op": [
            642632.9333333333,
            640255.0,
            648731.6
          ],
          "bytes": [
            6.488888888888889,
            3.6,
            9.0
          ],
          "alloc": [
            0.0,
            0.0,
            0.0
          ]
        },
        "UnmarshalMainnetState": {
          "samples": 9,
          "ns_op": [
            33474044.71111111,
            32957784.8,
            33864659.4
          ],
          "bytes": [
            18342105.244444445,
            18342103.8,
            18342108.0
          ],
          "alloc": [
            102090.0,
            102090.0,
            102090.0
          ]
        },
        "UnmarshalReaderMainnetState": {
          "samples": 9,
          "ns_op": [
            46289150.73333333,
            45805838.2,
            46902166.8
          ],
          "bytes": [
            20794122.266666662,
            20794110.8,
            20794132.6
          ],
          "alloc": [
            204154.53333333333,
            204154.2,
            204154.8
          ]
        },
        "MarshalMainnetState": {
          "samples": 9,
          "ns_op": [
            21371128.599999998,
            21146605.2,
            21549608.2
          ],
          "bytes": [
            16785440.044444446,
            16785440.0,
            16785440.2
          ],
          "alloc": [
            2.0,
            2.0,
            2.0
          ]
        },
        "MarshalWriterMainnetState": {
          "samples": 9,
          "ns_op": [
            27121701.04444445,
            26851815.0,
            27443750.0
          ],
          "bytes": [
            100096.04444444444,
            100096.0,
            100096.4
          ],
          "alloc": [
            100002.0,
            100002.0,
            100002.0
          ]
        },
        "HashTreeRootMainnetState": {
          "samples": 9,
          "ns_op": [
            82501451.44444445,
            82201979.0,
            82892488.0
          ],
          "bytes": [
            929221.4222222223,
            738190.2,
            1276426.4
          ],
          "alloc": [
            2.2000000000000006,
            1.8,
            3.0
          ]
        },
        "UnmarshalMinimalBlock": {
          "samples": 9,
          "ns_op": [
            183223.04444444447,
            179097.6,
            187303.6
          ],
          "bytes": [
            180888.0,
            180888.0,
            180888.0
          ],
          "alloc": [
            2292.0,
            2292.0,
            2292.0
          ]
        },
        "UnmarshalReaderMinimalBlock": {
          "samples": 9,
          "ns_op": [
            238660.08888888892,
            234169.4,
            242089.8
          ],
          "bytes": [
            201750.82222222222,
            201750.4,
            201751.0
          ],
          "alloc": [
            3154.0,
            3154.0,
            3154.0
          ]
        },
        "MarshalMinimalBlock": {
          "samples": 9,
          "ns_op": [
            84538.06666666668,
            81499.6,
            85861.4
          ],
          "bytes": [
            131104.0,
            131104.0,
            131104.0
          ],
          "alloc": [
            2.0,
            2.0,
            2.0
          ]
        },
        "MarshalWriterMinimalBlock": {
          "samples": 9,
          "ns_op": [
            105667.24444444444,
            104721.6,
            106699.6
          ],
          "bytes": [
            96.0,
            96.0,
            96.0
          ],
          "alloc": [
            2.0,
            2.0,
            2.0
          ]
        },
        "HashTreeRootMinimalBlock": {
          "samples": 9,
          "ns_op": [
            638346.511111111,
            635996.0,
            642083.4
          ],
          "bytes": [
            5.4444444444444455,
            1.8,
            7.2
          ],
          "alloc": [
            0.0,
            0.0,
            0.0
          ]
        },
        "UnmarshalMinimalState": {
          "samples": 9,
          "ns_op": [
            30440201.64444444,
            30158978.4,
            30743176.6
          ],
          "bytes": [
            15436247.377777778,
            15436246.4,
            15436248.6
          ],
          "alloc": [
            100074.0,
            100074.0,
            100074.0
          ]
        },
        "UnmarshalReaderMinimalState": {
          "samples": 9,
          "ns_op": [
            42685053.82222222,
            42235057.4,
            43171320.4
          ],
          "bytes": [
            17839840.62222222,
            17839827.2,
            17839866.6
          ],
          "alloc": [
            200122.0888888889,
            200122.0,
            200122.4
          ]
        },
        "MarshalMinimalState": {
          "samples": 9,
          "ns_op": [
            18940790.488888886,
            18640882.8,
            19198341.2
          ],
          "bytes": [
            13918240.111111112,
            13918240.0,
            13918240.4
          ],
          "alloc": [
            2.0,
            2.0,
            2.0
          ]
        },
        "MarshalWriterMinimalState": {
          "samples": 9,
          "ns_op": [
            24484488.622222222,
            24257320.0,
            24722397.0
          ],
          "bytes": [
            100096.15555555555,
            100096.0,
            100096.4
          ],
          "alloc": [
            100002.0,
            100002.0,
            100002.0
          ]
        },
        "HashTreeRootMinimalState": {
          "samples": 9,
          "ns_op": [
            74806018.13333334,
            74438590.8,
            75525101.4
          ],
          "bytes": [
            913401.2888888889,
            479820.0,
            1135523.2
          ],
          "alloc": [
            1.5999999999999999,
            0.8,
            2.0
          ]
        }
      }
    },
    {
      "version": "v0.0.0-20260121121318-e74abc66207d",
      "dev": true,
      "first": 1771341949,
      "last": 1771685583,
      "results": {
        "UnmarshalMainnetBlock": {
          "samples": 9,