{
  "aggregations": [
    {
      "version": "v0.0.0-20251203093649-0b1f38e43198",
      "dev": true,
      "first": 1771341949,
      "last": 1772895024,
      "results": {
        "UnmarshalMainnetBlock": {
          "samples": 37,
          "ns_op": [
            62780.794594594605,
            58792.6,
            69029.0
          ],
          "bytes": [
            162136.0,
            162136.0,
            162136.0
          ],
          "alloc": [
            1520.0,
            1520.0,
            1520.0
          ]
        },
        "MarshalMainnetBlock": {
          "samples": 37,
          "ns_op": [
            19141.09729729729,
            15562.2,
            22494.2
          ],
          "bytes": [
            131072.0,
            131072.0,
            131072.0
          ],
          "alloc": [
            1.0,
            1.0,
            1.0
          ]
        },
        "HashTreeRootMainnetBlock": {
          "samples": 37,
          "ns_op": [
            1136040.6162162165,
            1118108.2,
            1234341.8
          ],
          "bytes": [
            1548.4756756756753,
            1539.4,
            1554.2
          ],
          "alloc": [
            32.0,
            32.0,
            32.0
          ]
        },
        "UnmarshalMainnetState": {
          "samples": 37,
          "ns_op": [
            11966465.562162163,
            11647393.0,
            12797507.6
          ],
          "bytes": [
            20334960.77837838,
            20334960.0,
            20334962.2
          ],
          "alloc": [
            185018.0,
            185018.0,
            185018.0
          ]
        },
        "MarshalMainnetState": {
          "samples": 37,
          "ns_op": [
            3612849.643243243,
            2703889.0,
            4743327.6
          ],
          "bytes": [
            16785408.0,
            16785408.0,
            16785408.0
          ],
          "alloc": [
            1.0,
            1.0,
            1.0
          ]
        },
        "HashTreeRootMainnetState": {
          "samples": 37,
          "ns_op": [
            144883337.8864865,
            142524703.8,
            159396157.6
          ],
          "bytes": [
            1859300.5783783782,
            899694.8,
            2399082.0
          ],
          "alloc": [
            4.556756756756757,
            2.2,
            6.0
          ]
        },
        "UnmarshalMinimalBlock": {
          "samples": 37,
          "ns_op": [
            63658.89729729729,
            58586.8,
            71078.4
          ],
          "bytes": [
            162112.0,
            162112.0,
            162112.0
          ],
          "alloc": [
            1508.0,
            1508.0,
            1508.0
          ]
        },
        "MarshalMinimalBlock": {
          "samples": 37,
          "ns_op": [
            19437.318918918918,
            15774.4,
            22029.6
          ],
          "bytes": [
            131072.0,
            131072.0,
            131072.0
          ],
          "alloc": [
            1.0,
            1.0,
            1.0
          ]
        },
        "HashTreeRootMinimalBlock": {
          "samples": 37,
          "ns_op": [
            1129489.1189189188,
            1111584.0,
            1227919.4
          ],
          "bytes": [
            1547.4756756756751,
            1539.6,
            1555.0
          ],
          "alloc": [
            32.0,
            32.0,
            32.0
          ]
        },
        "UnmarshalMinimalState": {
          "samples": 37,
          "ns_op": [
            9513548.816216212,
            9259404.0,
            10095523.2
          ],
          "bytes": [
            15443056.864864862,
            15443056.0,
            15443057.8
          ],
          "alloc": [
            100314.0,
            100314.0,
            100314.0
          ]
        },
        "MarshalMinimalState": {
          "samples": 37,
          "ns_op": [
            2976470.0054054055,
            2103699.2,
            4027375.8
          ],
          "bytes": [
            13918208.0,
            13918208.0,
            13918208.0
          ],
          "alloc": [
            1.0,
            1.0,
            1.0
          ]
        },
        "HashTreeRootMinimalState": {
          "samples": 37,
          "ns_op": [
            132001977.8756757,
            129876788.8,
            143800607.2
          ],
          "bytes": [
            1556132.3675675683,
            419878.4,
            2399008.0
          ],
          "alloc": [
            3.7189189189189187,
            1.0,
            6.0
          ]
        }
      }
    },
    {
      "version": "v0.0.0-20250808103907-ac370aa5f7e4",
      "dev": false,
      "first": 1771341949,
      "last": 1772895024,
      "results": {
        "UnmarshalMainnetBlock": {
          "samples": 37,
          "ns_op": [
            64607.34054054054,
            61297.8,
            71726.0
          ],
          "bytes": [
            163328.0,
            163328.0,
            163328.0
          ],
          "alloc": [
            1669.0,
            1669.0,
            1669.0
          ]
        },
        "MarshalMainnetBlock": {
          "samples": 37,
          "ns_op": [
            18854.897297297302,
            15804.2,
            22507.6
          ],
          "bytes": [
            131072.0,
            131072.0,
            131072.0
          ],
          "alloc": [
            1.0,
            1.0,
            1.0
          ]
        },
        "HashTreeRootMainnetBlock": {
          "samples": 37,
          "ns_op": [
            1141402.5297297302,
            1119637.0,
            1246362.8
          ],
          "bytes": [
            1549.3243243243242,
            1536.0,
            1554.6
          ],
          "alloc": [
            32.0,
            32.0,
            32.0
          ]
        },
        "UnmarshalMainnetState": {
          "samples": 37,
          "ns_op": [
            11853480.162162162,
            11412228.6,
            12706311.6
          ],
          "bytes": [
            20335043.610810805,
            20335042.2,
            20335053.6
          ],
          "alloc": [
            185028.0,
            185028.0,
            185028.0
          ]
        },
        "MarshalMainnetState": {
          "samples": 37,
          "ns_op": [
            3605388.1567567564,
            2733704.4,
            4713386.4
          ],
          "bytes": [
            16785408.005405407,
            16785408.0,
            16785408.2
          ],
          "alloc": [
            1.0,
            1.0,
            1.0
          ]
        },
        "HashTreeRootMainnetState": {
          "samples": 37,
          "ns_op": [
            144722483.90810806,
            142293012.0,
            158101203.2
          ],
          "bytes": [
            1836607.1135135137,
            839717.8,
            2399082.0
          ],
          "alloc": [
            4.491891891891892,
            2.0,
            6.0
          ]
        },
        "UnmarshalMinimalBlock": {
          "samples": 37,
          "ns_op": [
            64882.129729729735,
            61953.6,
            72416.0
          ],
          "bytes": [
            163312.0,
            163312.0,
            163312.0
          ],
          "alloc": [
            1657.0,
            1657.0,
            1657.0
          ]
        },
        "MarshalMinimalBlock": {
          "samples": 37,
          "ns_op": [
            19156.010810810807,
            16230.8,
            22296.6
          ],
          "bytes": [
            131072.0,
            131072.0,
            131072.0
          ],
          "alloc": [
            1.0,
            1.0,
            1.0
          ]
        },
        "HashTreeRootMinimalBlock": {
          "samples": 37,