{
  "aggregations": [
    {
      "version": "v0.0.0-20251203093649-0b1f38e43198",
      "first": 1765781902,
      "last": 1766846599,
      "dev": true,
      "results": {
        "UnmarshalMainnetBlock": {
          "samples": 28,
          "ns_op": [
            63809.35714285714,
            60521.6,
            71067.2
          ],
          "bytes": [
            162136.0,
            162136.0,
            162136.0
          ],
          "alloc": [
            1520.0,
            1520.0,
            1520.0
          ]
        },
        "MarshalMainnetBlock": {
          "samples": 28,
          "ns_op": [
            19215.364285714284,
            17404.4,
            24466.8
          ],
          "bytes": [
            131072.0,
            131072.0,
            131072.0
          ],
          "alloc": [
            1.0,
            1.0,
            1.0
          ]
        },
        "HashTreeRootMainnetBlock": {
          "samples": 28,
          "ns_op": [
            1130182.0571428572,
            1117407.0,
            1196471.8
          ],
          "bytes": [
            1548.4785714285713,
            1542.8,
            1553.0
          ],
          "alloc": [
            32.0,
            32.0,
            32.0
          ]
        },
        "UnmarshalMainnetState": {
          "samples": 28,
          "ns_op": [
            12261418.292857138,
            11935973.8,
            12920556.6
          ],
          "bytes": [
            20334960.721428573,
            20334960.0,
            20334961.6
          ],
          "alloc": [
            185018.0,
            185018.0,
            185018.0
          ]
        },
        "MarshalMainnetState": {
          "samples": 28,
          "ns_op": [
            3803801.1,
            3559698.0,
            4926601.2
          ],
          "bytes": [
            16785408.0,
            16785408.0,
            16785408.0
          ],
          "alloc": [
            1.0,
            1.0,
            1.0
          ]
        },
        "HashTreeRootMainnetState": {
          "samples": 28,
          "ns_op": [
            144376537.2857143,
            142609846.6,
            152591576.2
          ],
          "bytes": [
            1929985.9214285717,
            1259544.2,
            2399084.8
          ],
          "alloc": [
            4.735714285714286,
            3.0,
            6.0
          ]
        },
        "UnmarshalMinimalBlock": {
          "samples": 28,
          "ns_op": [
            64421.19285714287,
            61180.6,
            71237.6
          ],
          "bytes": [
            162112.0,
            162112.0,
            162112.0
          ],
          "alloc": [
            1508.0,
            1508.0,
            1508.0
          ]
        },
        "MarshalMinimalBlock": {
          "samples": 28,
          "ns_op": [
            19376.671428571433,
            17677.6,
            24474.2
          ],
          "bytes": [
            131072.0,
            131072.0,
            131072.0
          ],
          "alloc": [
            1.0,
            1.0,
            1.0
          ]
        },
        "HashTreeRootMinimalBlock": {
          "samples": 28,
          "ns_op": [
            1123878.6571428573,
            1110754.2,
            1189399.0
          ],
          "bytes": [
            1545.6785714285713,
            1539.4,
            1553.2
          ],
          "alloc": [
            32.0,
            32.0,
            32.0
          ]
        },
        "UnmarshalMinimalState": {
          "samples": 28,
          "ns_op": [
            9699502.62857143,
            9469573.6,
            10123944.8
          ],
          "bytes": [
            15443056.907142857,
            15443056.0,
            15443058.0
          ],
          "alloc": [
            100314.0,
            100314.0,
            100314.0
          ]
        },
        "MarshalMinimalState": {
          "samples": 28,
          "ns_op": [
            3116076.642857142,
            2915999.6,
            3933876.8
          ],
          "bytes": [
            13918208.0,
            13918208.0,
            13918208.0
          ],
          "alloc": [
            1.0,
            1.0,
            1.0
          ]
        },
        "HashTreeRootMinimalState": {
          "samples": 28,
          "ns_op": [
            131335427.79285717,
            129934680.4,
            138693066.6
          ],
          "bytes": [
            1544378.5785714288,
            419878.4,
            2099132.0
          ],
          "alloc": [
            3.6785714285714284,
            1.0,
            5.0
          ]
        }
      }
    },
    {
      "version": "v0.0.0-20250808103907-ac370aa5f7e4",
      "dev": false,
      "first": 1765791584,
      "last": 1766846599,
      "results": {
        "UnmarshalMainnetBlock": {
          "samples": 25,
          "ns_op": [
            65353.304,
            61761.2,
            73410.2
          ],
          "bytes": [
            163328.0,
            163328.0,
            163328.0
          ],
          "alloc": [
            1669.0,
            1669.0,
            1669.0
          ]
        },
        "MarshalMainnetBlock": {
          "samples": 25,
          "ns_op": [
            19185.288000000004,
            17215.0,
            24027.0
          ],
          "bytes": [
            131072.0,
            131072.0,
            131072.0
          ],
          "alloc": [
            1.0,
            1.0,
            1.0
          ]
        },
        "HashTreeRootMainnetBlock": {
          "samples": 25,
          "ns_op": [
            1138261.9439999997,
            1120906.0,
            1207962.4
          ],
          "bytes": [
            1548.5839999999998,
            1539.4,
            1554.2
          ],
          "alloc": [
            32.0,
            32.0,
            32.0
          ]
        },
        "UnmarshalMainnetState": {
          "samples": 25,
          "ns_op": [
            12034389.904000003,
            11574159.4,
            12847153.6
          ],
          "bytes": [
            20335043.376,
            20335042.0,
            20335045.4
          ],
          "alloc": [
            185028.0,
            185028.0,
            185028.0
          ]
        },
        "MarshalMainnetState": {
          "samples": 25,
          "ns_op": [
            3808599.719999999,
            3541343.2,
            4960442.0
          ],
          "bytes": [
            16785408.0,
            16785408.0,
            16785408.0
          ],
          "alloc": [
            1.0,
            1.0,
            1.0
          ]
        },
        "HashTreeRootMainnetState": {
          "samples": 25,
          "ns_op": [
            144540016.176,
            142714937.6,
            151914345.2
          ],
          "bytes": [
            1938468.888,
            959675.4,
            2339107.4
          ],
          "alloc": [
            4.768,
            2.4,
            5.8
          ]
        },
        "UnmarshalMinimalBlock": {
          "samples": 25,
          "ns_op": [
            65865.89600000001,
            62260.4,
            73708.4
          ],
          "bytes": [
            163312.0,
            163312.0,
            163312.0
          ],
          "alloc": [
            1657.0,
            1657.0,
            1657.0
          ]
        },
        "MarshalMinimalBlock": {
          "samples": 25,
          "ns_op": [
            19324.712000000014,
            17345.6,
            24461.4
          ],
          "bytes": [
            131072.0,
            131072.0,
            131072.0
          ],
          "alloc": [
            1.0,
            1.0,
            1.0
          ]
        },
        "HashTreeRootMinimalBlock": {
          "samples": 25,
          "ns_op": [
            1131464.072,
            1114782.0,
            1198282.8
          ],