{
  "aggregations": [
    {
      "version": "v1.0.0",
      "first": 1765321200,
      "last": 1771080833,
      "results": {
        "UnmarshalMainnetBlock": {
          "samples": 133,
          "ns_op": [
            54440.824060150364,
            51549.8,
            61344.8
          ],
          "bytes": [
            161816.0,
            161816.0,
            161816.0
          ],
          "alloc": [
            1515.0,
            1515.0,
            1515.0
          ]
        },
        "MarshalMainnetBlock": {
          "samples": 133,
          "ns_op": [
            18417.13984962406,
            16596.6,
            23521.0
          ],
          "bytes": [
            131072.0,
            131072.0,
            131072.0
          ],
          "alloc": [
            1.0,
            1.0,
            1.0
          ]
        },
        "HashTreeRootMainnetBlock": {
          "samples": 133,
          "ns_op": [
            1132972.7248120296,
            1116630.6,
            1200832.8
          ],
          "bytes": [
            1547.9954887218055,
            1536.0,
            1554.0
          ],
          "alloc": [
            32.0,
            32.0,
            32.0
          ]
        },
        "UnmarshalMainnetState": {
          "samples": 133,
          "ns_op": [
            7491320.13684211,
            7186787.8,
            8620980.2
          ],
          "bytes": [
            20334689.356390975,
            20334688.4,
            20334696.6
          ],
          "alloc": [
            185015.0,
            185015.0,
            185015.0
          ]
        },
        "MarshalMainnetState": {
          "samples": 133,
          "ns_op": [
            3712869.436090224,
            3402567.0,
            4973556.2
          ],
          "bytes": [
            16785408.0,
            16785408.0,
            16785408.0
          ],
          "alloc": [
            1.0,
            1.0,
            1.0
          ]
        },
        "HashTreeRootMainnetState": {
          "samples": 133,
          "ns_op": [
            143951727.44962394,
            141747907.2,
            152112302.6
          ],
          "bytes": [
            1857947.9022556378,
            419891.4,
            2399084.8
          ],
          "alloc": [
            4.553383458646617,
            1.0,
            6.0
          ]
        }
      }
    }
  ]
}