{
  "aggregations": [
    {
      "version": "v1.0.0",
      "first": 1765321200,
      "last": 1770475980,
      "results": {
        "UnmarshalMainnetBlock": {
          "samples": 119,
          "ns_op": [
            54407.66890756301,
            51549.8,
            61344.8
          ],
          "bytes": [
            161816.0,
            161816.0,
            161816.0
          ],
          "alloc": [
            1515.0,
            1515.0,
            1515.0
          ]
        },
        "MarshalMainnetBlock": {
          "samples": 119,
          "ns_op": [
            18361.7512605042,
            16596.6,
            23521.0
          ],
          "bytes": [
            131072.0,
            131072.0,
            131072.0
          ],
          "alloc": [
            1.0,
            1.0,
            1.0
          ]
        },
        "HashTreeRootMainnetBlock": {
          "samples": 119,
          "ns_op": [
            1131316.280672269,
            1116630.6,
            1195764.2
          ],
          "bytes": [
            1547.9075630252114,
            1536.0,
            1554.0
          ],
          "alloc": [
            32.0,
            32.0,
            32.0
          ]
        },
        "UnmarshalMainnetState": {
          "samples": 119,
          "ns_op": [
            7496797.934453787,
            7186787.8,
            8620980.2
          ],
          "bytes": [
            20334689.40336135,
            20334688.4,
            20334696.6
          ],
          "alloc": [
            185015.0,
            185015.0,
            185015.0
          ]
        },
        "MarshalMainnetState": {
          "samples": 119,
          "ns_op": [
            3719572.826890755,
            3478886.8,
            4973556.2
          ],
          "bytes": [
            16785408.0,
            16785408.0,
            16785408.0
          ],
          "alloc": [
            1.0,
            1.0,
            1.0
          ]
        },
        "HashTreeRootMainnetState": {
          "samples": 119,
          "ns_op": [
            144073862.61176458,
            141747907.2,
            152112302.6
          ],
          "bytes": [
            1884500.7411764695,
            479875.6,
            2399084.8
          ],
          "alloc": [
            4.626890756302521,
            1.2,
            6.0
          ]
        }
      }
    }
  ]
}