{
  "aggregations": [
    {
      "version": "v1.0.0",
      "dev": false,
      "first": 1771341949,
      "last": 1772339635,
      "results": {
        "UnmarshalMainnetBlock": {
          "samples": 24,
          "ns_op": [
            54459.599999999984,
            51671.8,
            60408.2
          ],
          "bytes": [
            161816.0,
            161816.0,
            161816.0
          ],
          "alloc": [
            1515.0,
            1515.0,
            1515.0
          ]
        },
        "MarshalMainnetBlock": {
          "samples": 24,
          "ns_op": [
            18434.733333333334,
            16044.0,
            21555.6
          ],
          "bytes": [
            131072.0,
            131072.0,
            131072.0
          ],
          "alloc": [
            1.0,
            1.0,
            1.0
          ]
        },
        "HashTreeRootMainnetBlock": {
          "samples": 24,
          "ns_op": [
            1160297.4333333336,
            1117748.0,
            1297794.6
          ],
          "bytes": [
            1548.8833333333332,
            1542.8,
            1555.4
          ],
          "alloc": [
            32.0,
            32.0,
            32.0
          ]
        },
        "UnmarshalMainnetState": {
          "samples": 24,
          "ns_op": [
            7445182.933333333,
            7105463.2,
            8511389.8
          ],
          "bytes": [
            20334689.575,
            20334688.4,
            20334696.8
          ],
          "alloc": [
            185015.0,
            185015.0,
            185015.0
          ]
        },
        "MarshalMainnetState": {
          "samples": 24,
          "ns_op": [
            3662308.8749999995,
            2766351.8,
            4848787.8
          ],
          "bytes": [
            16785408.0,
            16785408.0,
            16785408.0
          ],
          "alloc": [
            1.0,
            1.0,
            1.0
          ]
        },
        "HashTreeRootMainnetState": {
          "samples": 24,
          "ns_op": [
            144074719.0,
            141881358.8,
            157969255.6
          ],
          "bytes": [
            1669376.9083333334,
            839717.8,
            2399082.0
          ],
          "alloc": [
            4.033333333333334,
            2.0,
            6.0
          ]
        }
      }
    }
  ]
}