{
  "aggregations": [
    {
      "version": "v0.0.0-20251203093649-0b1f38e43198",
      "dev": true,
      "first": 1765781902,
      "last": 1773500082,
      "results": {
        "UnmarshalMainnetBlock": {
          "samples": 188,
          "ns_op": [
            63038.76808510638,
            58378.4,
            71067.2
          ],
          "bytes": [
            162136.0,
            162136.0,
            162136.0
          ],
          "alloc": [
            1520.0,
            1520.0,
            1520.0
          ]
        },
        "MarshalMainnetBlock": {
          "samples": 188,
          "ns_op": [
            19102.30851063831,
            15520.8,
            24466.8
          ],
          "bytes": [
            131072.0,
            131072.0,
            131072.0
          ],
          "alloc": [
            1.0,
            1.0,
            1.0
          ]
        },
        "HashTreeRootMainnetBlock": {
          "samples": 188,
          "ns_op": [
            1130423.5999999999,
            1104841.8,
            1238010.0
          ],
          "bytes": [
            1548.4489361702151,
            1539.4,
            1554.2
          ],
          "alloc": [
            32.0,
            32.0,
            32.0
          ]
        },
        "UnmarshalMainnetState": {
          "samples": 188,
          "ns_op": [
            12094405.812765958,
            11537624.6,
            13025959.6
          ],
          "bytes": [
            20334960.879787233,
            20334960.0,
            20334971.2
          ],
          "alloc": [
            185018.0,
            185018.0,
            185018.0
          ]
        },
        "MarshalMainnetState": {
          "samples": 188,
          "ns_op": [
            3698433.5382978735,
            2703889.0,
            4926601.2
          ],
          "bytes": [
            16785408.0,
            16785408.0,
            16785408.0
          ],
          "alloc": [
            1.0,
            1.0,
            1.0
          ]
        },
        "HashTreeRootMainnetState": {
          "samples": 188,
          "ns_op": [
            144291800.42872337,
            141145653.8,
            159396157.6
          ],
          "bytes": [
            1895030.6553191491,
            899694.8,
            2399084.8
          ],
          "alloc": [
            4.6468085106383015,
            2.2,
            6.0
          ]
        },
        "UnmarshalMinimalBlock": {
          "samples": 188,
          "ns_op": [
            63843.54042553189,
            58586.8,
            71429.8
          ],
          "bytes": [
            162112.0,
            162112.0,
            162112.0
          ],
          "alloc": [
            1508.0,
            1508.0,
            1508.0
          ]
        },
        "MarshalMinimalBlock": {
          "samples": 188,
          "ns_op": [
            19319.412765957433,
            15772.8,
            24675.6
          ],
          "bytes": [
            131072.0,
            131072.0,
            131072.0
          ],
          "alloc": [
            1.0,
            1.0,
            1.0
          ]
        },
        "HashTreeRootMinimalBlock": {
          "samples": 188,
          "ns_op": [
            1123962.5340425528,
            1091921.6,
            1231254.8
          ],
          "bytes": [
            1546.8765957446815,
            1536.0,
            1555.0
          ],
          "alloc": [
            32.0,
            32.0,
            32.0
          ]
        },
        "UnmarshalMinimalState": {
          "samples": 188,
          "ns_op": [
            9582245.75106383,
            9181869.0,
            10421292.0
          ],
          "bytes": [
            15443056.853191493,
            15443056.0,
            15443058.4
          ],
          "alloc": [
            100314.0,
            100314.0,
            100314.0
          ]
        },
        "MarshalMinimalState": {
          "samples": 188,
          "ns_op": [
            3041494.6212765947,
            2103699.2,
            4051522.6
          ],
          "bytes": [
            13918208.0,
            13918208.0,
            13918208.0
          ],
          "alloc": [
            1.0,
            1.0,
            1.0
          ]
        },
        "HashTreeRootMinimalState": {
          "samples": 188,
          "ns_op": [
            131328580.46170223,
            128539198.8,
            143868199.4
          ],
          "bytes": [
            1564476.5212765944,
            419878.4,
            2399008.0
          ],
          "alloc": [
            3.729787234042554,
            1.0,
            6.0
          ]
        }
      }
    },
    {
      "version": "v0.0.0-20250808103907-ac370aa5f7e4",
      "dev": false,
      "first": 1765772178,
      "last": 1773500082,
      "results": {
        "UnmarshalMainnetBlock": {
          "samples": 190,
          "ns_op": [
            64657.75157894739,
            61297.8,
            73764.4
          ],
          "bytes": [
            163328.0,
            163328.0,
            163328.0
          ],
          "alloc": [
            1669.0,
            1669.0,
            1669.0
          ]
        },
        "MarshalMainnetBlock": {
          "samples": 190,
          "ns_op": [
            18899.338947368444,
            15804.2,
            24027.0
          ],
          "bytes": [
            131072.0,
            131072.0,
            131072.0
          ],
          "alloc": [
            1.0,
            1.0,
            1.0
          ]
        },
        "HashTreeRootMainnetBlock": {
          "samples": 190,
          "ns_op": [
            1135983.8200000008,
            1119637.0,
            1246362.8
          ],
          "bytes": [
            1548.1757894736847,
            1536.0,
            1554.6
          ],
          "alloc": [
            32.0,
            32.0,
            32.0
          ]
        },
        "UnmarshalMainnetState": {
          "samples": 190,
          "ns_op": [
            11927726.556842111,
            11409134.0,
            13016220.4
          ],
          "bytes": [
            20335043.66421052,
            20335042.0,
            20335055.8
          ],
          "alloc": [
            185028.0,
            185028.0,
            185028.0
          ]
        },
        "MarshalMainnetState": {
          "samples": 190,
          "ns_op": [
            3687267.629473684,
            2733704.4,
            4960442.0
          ],
          "bytes": [
            16785408.00105263,
            16785408.0,
            16785408.2
          ],
          "alloc": [
            1.0,
            1.0,
            1.0
          ]
        },
        "HashTreeRootMainnetState": {
          "samples": 190,
          "ns_op": [
            144239796.01999998,
            142289149.0,
            158101203.2
          ],
          "bytes": [
            1852040.4073684225,
            839717.8,
            2399082.0
          ],
          "alloc": [
            4.533684210526315,
            2.0,
            6.0
          ]
        },
        "UnmarshalMinimalBlock": {
          "samples": 190,
          "ns_op": [
            65040.72105263154,
            60932.2,
            73708.4
          ],
          "bytes": [
            163312.0,
            163312.0,
            163312.0
          ],
          "alloc": [
            1657.0,
            1657.0,
            1657.0
          ]
        },
        "MarshalMinimalBlock": {
          "samples": 190,
          "ns_op": [
            19102.44421052631,
            16230.8,
            24461.4
          ],
          "bytes": [
            131072.0,
            131072.0,
            131072.0
          ],
          "alloc": [
            1.0,
            1.0,
            1.0
          ]
        },
        "HashTreeRootMinimalBlock": {
          "samples": 190,