{
  "aggregations": [
    {
      "version": "v1.0.0",
      "first": 1765321200,
      "last": 1768056221,
      "results": {
        "UnmarshalMainnetBlock": {
          "samples": 63,
          "ns_op": [
            54560.596825396795,
            51586.2,
            61344.8
          ],
          "bytes": [
            161816.0,
            161816.0,
            161816.0
          ],
          "alloc": [
            1515.0,
            1515.0,
            1515.0
          ]
        },
        "MarshalMainnetBlock": {
          "samples": 63,
          "ns_op": [
            18420.965079365084,
            16666.0,
            23521.0
          ],
          "bytes": [
            131072.0,
            131072.0,
            131072.0
          ],
          "alloc": [
            1.0,
            1.0,
            1.0
          ]
        },
        "HashTreeRootMainnetBlock": {
          "samples": 63,
          "ns_op": [
            1132270.8761904757,
            1119907.4,
            1192930.0
          ],
          "bytes": [
            1548.1460317460321,
            1536.0,
            1554.0
          ],
          "alloc": [
            32.0,
            32.0,
            32.0
          ]
        },
        "UnmarshalMainnetState": {
          "samples": 63,
          "ns_op": [
            7506750.965079369,
            7186787.8,
            8612571.8
          ],
          "bytes": [
            20334689.371428575,
            20334688.4,
            20334695.8
          ],
          "alloc": [
            185015.0,
            185015.0,
            185015.0
          ]
        },
        "MarshalMainnetState": {
          "samples": 63,
          "ns_op": [
            3723757.7269841256,
            3478886.8,
            4973556.2
          ],
          "bytes": [
            16785408.0,
            16785408.0,
            16785408.0
          ],
          "alloc": [
            1.0,
            1.0,
            1.0
          ]
        },
        "HashTreeRootMainnetState": {
          "samples": 63,
          "ns_op": [
            144409026.02539673,
            142754106.0,
            152112302.6
          ],
          "bytes": [
            1987820.2412698409,
            959677.2,
            2399084.8
          ],
          "alloc": [
            4.901587301587301,
            2.4,
            6.0
          ]
        }
      }
    }
  ]
}