{
  "aggregations": [
    {
      "version": "v0.0.0-20251203093649-0b1f38e43198",
      "dev": true,
      "first": 1765781902,
      "last": 1784908529,
      "results": {
        "UnmarshalMainnetBlock": {
          "samples": 455,
          "ns_op": [
            62116.66307692306,
            37532.8,
            77078.0
          ],
          "bytes": [
            162136.0,
            162136.0,
            162136.0
          ],
          "alloc": [
            1520.0,
            1520.0,
            1520.0
          ]
        },
        "MarshalMainnetBlock": {
          "samples": 455,
          "ns_op": [
            17446.52395604399,
            8123.0,
            25815.6
          ],
          "bytes": [
            131072.0,
            131072.0,
            131072.0
          ],
          "alloc": [
            1.0,
            1.0,
            1.0
          ]
        },
        "HashTreeRootMainnetBlock": {
          "samples": 455,
          "ns_op": [
            1101954.4980219773,
            773155.6,
            1273997.2
          ],
          "bytes": [
            1546.1410989010978,
            1536.0,
            1555.2
          ],
          "alloc": [
            32.0,
            32.0,
            32.0
          ]
        },
        "UnmarshalMainnetState": {
          "samples": 455,
          "ns_op": [
            11723781.15230769,
            6622057.2,
            13681092.6
          ],
          "bytes": [
            20334960.77670329,
            20334960.0,
            20334971.2
          ],
          "alloc": [
            185018.0,
            185018.0,
            185018.0
          ]
        },
        "MarshalMainnetState": {
          "samples": 455,
          "ns_op": [
            3460854.97120879,
            1583248.0,
            7165980.9
          ],
          "bytes": [
            16785408.0,
            16785408.0,
            16785408.0
          ],
          "alloc": [
            1.0,
            1.0,
            1.0
          ]
        },
        "HashTreeRootMainnetState": {
          "samples": 455,
          "ns_op": [
            140343858.78703293,
            97915476.6,
            159396157.6
          ],
          "bytes": [
            1518563.7665934074,
            15.0,
            2399084.8
          ],
          "alloc": [
            3.736703296703297,
            0.0,
            6.0
          ]
        },
        "UnmarshalMinimalBlock": {
          "samples": 455,
          "ns_op": [
            62855.46835164837,
            37985.2,
            77742.6
          ],
          "bytes": [
            162112.0,
            162112.0,
            162112.0
          ],
          "alloc": [
            1508.0,
            1508.0,
            1508.0
          ]
        },
        "MarshalMinimalBlock": {
          "samples": 455,
          "ns_op": [
            17625.351428571383,
            7925.4,
            27192.8
          ],
          "bytes": [
            131072.0,
            131072.0,
            131072.0
          ],
          "alloc": [
            1.0,
            1.0,
            1.0
          ]
        },
        "HashTreeRootMinimalBlock": {
          "samples": 455,
          "ns_op": [
            1095601.4516483527,
            754183.2,
            1259585.8
          ],
          "bytes": [
            1544.9837362637354,
            1536.0,
            1555.2
          ],
          "alloc": [
            32.0,
            32.0,
            32.0
          ]
        },
        "UnmarshalMinimalState": {
          "samples": 455,
          "ns_op": [
            9274852.023076905,
            5451918.0,
            10839759.2
          ],
          "bytes": [
            15443056.706373632,
            15443056.0,
            15443065.4
          ],
          "alloc": [
            100314.0,
            100314.0,
            100314.0
          ]
        },
        "MarshalMinimalState": {
          "samples": 455,
          "ns_op": [
            2804175.3092307695,
            1214684.8,
            4897028.1
          ],
          "bytes": [
            13918208.0,
            13918208.0,
            13918208.0
          ],
          "alloc": [
            1.0,
            1.0,
            1.0
          ]
        },
        "HashTreeRootMinimalState": {
          "samples": 455,
          "ns_op": [
            127839840.139121,
            89418371.8,
            144296781.8
          ],
          "bytes": [
            1266409.9600000032,
            13.0,
            2399008.0
          ],
          "alloc": [
            3.0294505494505497,
            0.0,
            6.0
          ]
        }
      }
    },
    {
      "version": "v0.0.0-20250808103907-ac370aa5f7e4",
      "dev": false,
      "first": 1765772178,
      "last": 1784908529,
      "results": {
        "UnmarshalMainnetBlock": {
          "samples": 458,
          "ns_op": [
            63591.78668122267,
            36585.8,
            81009.2
          ],
          "bytes": [
            163328.0,
            163328.0,
            163328.0
          ],
          "alloc": [
            1669.0,
            1669.0,
            1669.0
          ]
        },
        "MarshalMainnetBlock": {
          "samples": 458,
          "ns_op": [
            17281.46681222707,
            7873.4,
            28507.8
          ],
          "bytes": [
            131072.0,
            131072.0,
            131072.0
          ],
          "alloc": [
            1.0,
            1.0,
            1.0
          ]
        },
        "HashTreeRootMainnetBlock": {
          "samples": 458,
          "ns_op": [
            1103100.7770742353,
            764424.0,
            1246362.8
          ],
          "bytes": [
            1545.741484716156,
            1536.0,
            1555.0
          ],
          "alloc": [
            32.0,
            32.0,
            32.0
          ]
        },
        "UnmarshalMainnetState": {
          "samples": 458,
          "ns_op": [
            11570214.877729256,
            6456713.8,
            13459121.8
          ],
          "bytes": [
            20335043.102401733,
            20335040.6,
            20335055.8
          ],
          "alloc": [
            185028.0,
            185028.0,
            185028.0
          ]
        },
        "MarshalMainnetState": {
          "samples": 458,
          "ns_op": [
            3441247.847598254,
            1547055.6,
            5887505.2
          ],
          "bytes": [
            16785408.000436686,
            16785408.0,
            16785408.2
          ],
          "alloc": [
            1.0,
            1.0,
            1.0
          ]
        },
        "HashTreeRootMainnetState": {
          "samples": 458,
          "ns_op": [
            140376872.4218339,
            97372306.0,
            158677414.4
          ],
          "bytes": [
            1488948.4602620092,
            15.0,
            2399084.8
          ],
          "alloc": [
            3.6624454148471535,
            0.0,
            6.0
          ]
        },
        "UnmarshalMinimalBlock": {
          "samples": 458,
          "ns_op": [
            64108.0993449781,
            37125.2,
            77764.8
          ],
          "bytes": [
            163312.0,
            163312.0,
            163312.0
          ],
          "alloc": [
            1657.0,
            1657.0,
            1657.0
          ]
        },
        "MarshalMinimalBlock": {
          "samples": 458,
          "ns_op": [
            17444.898471615707,
            8189.8,
            26411.2
          ],
          "bytes": [
            131072.0,
            131072.0,
            131072.0
          ],
          "alloc": [
            1.0,
            1.0,
            1.0
          ]
        },
        "HashTreeRootMinimalBlock": {
          "samples": 458,