{
  "aggregations": [
    {
      "version": "v0.0.0-20251203093649-0b1f38e43198",
      "first": 1765781902,
      "last": 1770475980,
      "dev": true,
      "results": {
        "UnmarshalMainnetBlock": {
          "samples": 116,
          "ns_op": [
            63277.06896551723,
            59647.0,
            71067.2
          ],
          "bytes": [
            162136.0,
            162136.0,
            162136.0
          ],
          "alloc": [
            1520.0,
            1520.0,
            1520.0
          ]
        },
        "MarshalMainnetBlock": {
          "samples": 116,
          "ns_op": [
            19088.95344827588,
            17070.6,
            24466.8
          ],
          "bytes": [
            131072.0,
            131072.0,
            131072.0
          ],
          "alloc": [
            1.0,
            1.0,
            1.0
          ]
        },
        "HashTreeRootMainnetBlock": {
          "samples": 116,
          "ns_op": [
            1128927.4189655168,
            1104841.8,
            1202530.4
          ],
          "bytes": [
            1548.4086206896566,
            1539.4,
            1554.0
          ],
          "alloc": [
            32.0,
            32.0,
            32.0
          ]
        },
        "UnmarshalMainnetState": {
          "samples": 116,
          "ns_op": [
            12179646.324137932,
            11707608.2,
            13025959.6
          ],
          "bytes": [
            20334960.955172416,
            20334960.0,
            20334971.2
          ],
          "alloc": [
            185018.0,
            185018.0,
            185018.0
          ]
        },
        "MarshalMainnetState": {
          "samples": 116,
          "ns_op": [
            3762814.7862068973,
            3526938.8,
            4926601.2
          ],
          "bytes": [
            16785408.0,
            16785408.0,
            16785408.0
          ],
          "alloc": [
            1.0,
            1.0,
            1.0
          ]
        },
        "HashTreeRootMainnetState": {
          "samples": 116,
          "ns_op": [
            144163258.63103455,
            141145653.8,
            152591576.2
          ],
          "bytes": [
            1907384.499999999,
            959671.8,
            2399084.8
          ],
          "alloc": [
            4.681034482758622,
            2.4,
            6.0
          ]
        },
        "UnmarshalMinimalBlock": {
          "samples": 116,
          "ns_op": [
            64025.567241379285,
            59745.2,
            71429.8
          ],
          "bytes": [
            162112.0,
            162112.0,
            162112.0
          ],
          "alloc": [
            1508.0,
            1508.0,
            1508.0
          ]
        },
        "MarshalMinimalBlock": {
          "samples": 116,
          "ns_op": [
            19272.943103448266,
            17048.8,
            24474.2
          ],
          "bytes": [
            131072.0,
            131072.0,
            131072.0
          ],
          "alloc": [
            1.0,
            1.0,
            1.0
          ]
        },
        "HashTreeRootMinimalBlock": {
          "samples": 116,
          "ns_op": [
            1122383.3206896551,
            1091921.6,
            1193980.6
          ],
          "bytes": [
            1546.4258620689666,
            1536.0,
            1554.0
          ],
          "alloc": [
            32.0,
            32.0,
            32.0
          ]
        },
        "UnmarshalMinimalState": {
          "samples": 116,
          "ns_op": [
            9633715.215517249,
            9225803.2,
            10421292.0
          ],
          "bytes": [
            15443056.862068973,
            15443056.0,
            15443058.4
          ],
          "alloc": [
            100314.0,
            100314.0,
            100314.0
          ]
        },
        "MarshalMinimalState": {
          "samples": 116,
          "ns_op": [
            3091888.0172413783,
            2891714.6,
            4051522.6
          ],
          "bytes": [
            13918208.0,
            13918208.0,
            13918208.0
          ],
          "alloc": [
            1.0,
            1.0,
            1.0
          ]
        },
        "HashTreeRootMinimalState": {
          "samples": 116,
          "ns_op": [
            131170529.84827587,
            128539198.8,
            139111358.6
          ],
          "bytes": [
            1549031.6827586188,
            419878.4,
            2099132.0
          ],
          "alloc": [
            3.689655172413793,
            1.0,
            5.0
          ]
        }
      }
    },
    {
      "version": "v0.0.0-20250808103907-ac370aa5f7e4",
      "dev": false,
      "first": 1765791584,
      "last": 1770475980,
      "results": {
        "UnmarshalMainnetBlock": {
          "samples": 113,
          "ns_op": [
            64774.27256637167,
            61303.0,
            73764.4
          ],
          "bytes": [
            163328.0,
            163328.0,
            163328.0
          ],
          "alloc": [
            1669.0,
            1669.0,
            1669.0
          ]
        },
        "MarshalMainnetBlock": {
          "samples": 113,
          "ns_op": [
            18947.76991150443,
            17212.2,
            24027.0
          ],
          "bytes": [
            131072.0,
            131072.0,
            131072.0
          ],
          "alloc": [
            1.0,
            1.0,
            1.0
          ]
        },
        "HashTreeRootMainnetBlock": {
          "samples": 113,
          "ns_op": [
            1135861.7309734512,
            1119733.2,
            1212597.8
          ],
          "bytes": [
            1547.9150442477876,
            1536.0,
            1554.2
          ],
          "alloc": [
            32.0,
            32.0,
            32.0
          ]
        },
        "UnmarshalMainnetState": {
          "samples": 113,
          "ns_op": [
            11980768.746902654,
            11574159.4,
            13016220.4
          ],
          "bytes": [
            20335043.78407079,
            20335042.0,
            20335055.8
          ],
          "alloc": [
            185028.0,
            185028.0,
            185028.0
          ]
        },
        "MarshalMainnetState": {
          "samples": 113,
          "ns_op": [
            3753768.14159292,
            3522090.8,
            4960442.0
          ],
          "bytes": [
            16785408.0,
            16785408.0,
            16785408.0
          ],
          "alloc": [
            1.0,
            1.0,
            1.0
          ]
        },
        "HashTreeRootMainnetState": {
          "samples": 113,
          "ns_op": [
            144187538.16283193,
            142289149.0,
            152022147.2
          ],
          "bytes": [
            1823209.4690265479,
            839717.8,
            2399082.0
          ],
          "alloc": [
            4.469026548672566,
            2.0,
            6.0
          ]
        },
        "UnmarshalMinimalBlock": {
          "samples": 113,
          "ns_op": [
            65186.52389380529,
            61401.6,
            73708.4
          ],
          "bytes": [
            163312.0,
            163312.0,
            163312.0
          ],
          "alloc": [
            1657.0,
            1657.0,
            1657.0
          ]
        },
        "MarshalMinimalBlock": {
          "samples": 113,
          "ns_op": [
            19104.9168141593,
            17144.6,
            24461.4
          ],
          "bytes": [
            131072.0,
            131072.0,
            131072.0
          ],
          "alloc": [
            1.0,
            1.0,
            1.0
          ]
        },
        "HashTreeRootMinimalBlock": {
          "samples": 113,