{
  "aggregations": [
    {
      "version": "v1.0.0",
      "dev": false,
      "first": 1771341949,
      "last": 1772895024,
      "results": {
        "UnmarshalMainnetBlock": {
          "samples": 37,
          "ns_op": [
            54374.02162162162,
            51409.6,
            60646.2
          ],
          "bytes": [
            161816.0,
            161816.0,
            161816.0
          ],
          "alloc": [
            1515.0,
            1515.0,
            1515.0
          ]
        },
        "MarshalMainnetBlock": {
          "samples": 37,
          "ns_op": [
            18395.55675675676,
            16044.0,
            22540.8
          ],
          "bytes": [
            131072.0,
            131072.0,
            131072.0
          ],
          "alloc": [
            1.0,
            1.0,
            1.0
          ]
        },
        "HashTreeRootMainnetBlock": {
          "samples": 37,
          "ns_op": [
            1153796.0648648653,
            1117748.0,
            1297794.6
          ],
          "bytes": [
            1548.61081081081,
            1539.4,
            1555.4
          ],
          "alloc": [
            32.0,
            32.0,
            32.0
          ]
        },
        "UnmarshalMainnetState": {
          "samples": 37,
          "ns_op": [
            7405427.978378378,
            6994376.6,
            8511389.8
          ],
          "bytes": [
            20334689.52432432,
            20334688.4,
            20334696.8
          ],
          "alloc": [
            185015.0,
            185015.0,
            185015.0
          ]
        },
        "MarshalMainnetState": {
          "samples": 37,
          "ns_op": [
            3608176.7459459463,
            2766351.8,
            4848787.8
          ],
          "bytes": [
            16785408.0,
            16785408.0,
            16785408.0
          ],
          "alloc": [
            1.0,
            1.0,
            1.0
          ]
        },
        "HashTreeRootMainnetState": {
          "samples": 37,
          "ns_op": [
            144110261.20000005,
            141881358.8,
            158024056.6
          ],
          "bytes": [
            1703686.9621621626,
            839717.8,
            2399082.0
          ],
          "alloc": [
            4.113513513513513,
            2.0,
            6.0
          ]
        }
      }
    }
  ]
}