{
  "aggregations": [
    {
      "version": "v1.0.0",
      "first": 1765321200,
      "last": 1767451431,
      "results": {
        "UnmarshalMainnetBlock": {
          "samples": 49,
          "ns_op": [
            54414.008163265295,
            51586.2,
            61228.6
          ],
          "bytes": [
            161816.0,
            161816.0,
            161816.0
          ],
          "alloc": [
            1515.0,
            1515.0,
            1515.0
          ]
        },
        "MarshalMainnetBlock": {
          "samples": 49,
          "ns_op": [
            18391.012244897964,
            16666.0,
            23450.4
          ],
          "bytes": [
            131072.0,
            131072.0,
            131072.0
          ],
          "alloc": [
            1.0,
            1.0,
            1.0
          ]
        },
        "HashTreeRootMainnetBlock": {
          "samples": 49,
          "ns_op": [
            1130996.342857143,
            1119907.4,
            1191761.2
          ],
          "bytes": [
            1548.5877551020415,
            1539.4,
            1554.0
          ],
          "alloc": [
            32.0,
            32.0,
            32.0
          ]
        },
        "UnmarshalMainnetState": {
          "samples": 49,
          "ns_op": [
            7485831.281632657,
            7186787.8,
            8612571.8
          ],
          "bytes": [
            20334689.400000002,
            20334688.4,
            20334695.8
          ],
          "alloc": [
            185015.0,
            185015.0,
            185015.0
          ]
        },
        "MarshalMainnetState": {
          "samples": 49,
          "ns_op": [
            3697005.342857142,
            3478886.8,
            4973556.2
          ],
          "bytes": [
            16785408.0,
            16785408.0,
            16785408.0
          ],
          "alloc": [
            1.0,
            1.0,
            1.0
          ]
        },
        "HashTreeRootMainnetState": {
          "samples": 49,
          "ns_op": [
            144156303.08163264,
            142788682.6,
            152030730.4
          ],
          "bytes": [
            1981700.3020408163,
            959677.2,
            2399084.8
          ],
          "alloc": [
            4.885714285714284,
            2.4,
            6.0
          ]
        }
      }
    }
  ]
}