{
  "aggregations": [
    {
      "version": "v1.0.0",
      "dev": false,
      "first": 1765772178,
      "last": 1784908529,
      "results": {
        "UnmarshalMainnetBlock": {
          "samples": 458,
          "ns_op": [
            53877.84694323143,
            30204.0,
            66411.6
          ],
          "bytes": [
            161816.0,
            161816.0,
            161816.0
          ],
          "alloc": [
            1515.0,
            1515.0,
            1515.0
          ]
        },
        "MarshalMainnetBlock": {
          "samples": 458,
          "ns_op": [
            16777.434934497825,
            7361.0,
            25612.8
          ],
          "bytes": [
            131072.0,
            131072.0,
            131072.0
          ],
          "alloc": [
            1.0,
            1.0,
            1.0
          ]
        },
        "HashTreeRootMainnetBlock": {
          "samples": 458,
          "ns_op": [
            1103488.4882096073,
            760602.4,
            1297794.6
          ],
          "bytes": [
            1545.7436681222712,
            1536.0,
            1555.4
          ],
          "alloc": [
            32.0,
            32.0,
            32.0
          ]
        },
        "UnmarshalMainnetState": {
          "samples": 458,
          "ns_op": [
            7308246.103930128,
            4276181.8,
            9491615.4
          ],
          "bytes": [
            20334689.158078596,
            20334688.0,
            20334696.8
          ],
          "alloc": [
            185015.0,
            185015.0,
            185015.0
          ]
        },
        "MarshalMainnetState": {
          "samples": 458,
          "ns_op": [
            3423362.4462882094,
            1521085.2,
            6081716.0
          ],
          "bytes": [
            16785408.0,
            16785408.0,
            16785408.0
          ],
          "alloc": [
            1.0,
            1.0,
            1.0
          ]
        },
        "HashTreeRootMainnetState": {
          "samples": 458,
          "ns_op": [
            140213282.21659416,
            100651700.0,
            159268771.8
          ],
          "bytes": [
            1484717.3379912649,
            15.0,
            2399084.8
          ],
          "alloc": [
            3.651965065502178,
            0.0,
            6.0
          ]
        }
      }
    }
  ]
}