{
  "aggregations": [
    {
      "version": "v1.0.0",
      "dev": false,
      "first": 1765772178,
      "last": 1773500082,
      "results": {
        "UnmarshalMainnetBlock": {
          "samples": 190,
          "ns_op": [
            54410.47789473684,
            51409.6,
            61344.8
          ],
          "bytes": [
            161816.0,
            161816.0,
            161816.0
          ],
          "alloc": [
            1515.0,
            1515.0,
            1515.0
          ]
        },
        "MarshalMainnetBlock": {
          "samples": 190,
          "ns_op": [
            18367.330526315778,
            15574.2,
            23521.0
          ],
          "bytes": [
            131072.0,
            131072.0,
            131072.0
          ],
          "alloc": [
            1.0,
            1.0,
            1.0
          ]
        },
        "HashTreeRootMainnetBlock": {
          "samples": 190,
          "ns_op": [
            1137862.7736842104,
            1116630.6,
            1297794.6
          ],
          "bytes": [
            1548.0063157894756,
            1536.0,
            1555.4
          ],
          "alloc": [
            32.0,
            32.0,
            32.0
          ]
        },
        "UnmarshalMainnetState": {
          "samples": 190,
          "ns_op": [
            7454070.488421054,
            6987117.8,
            8620980.2
          ],
          "bytes": [
            20334689.406315785,
            20334688.4,
            20334696.8
          ],
          "alloc": [
            185015.0,
            185015.0,
            185015.0
          ]
        },
        "MarshalMainnetState": {
          "samples": 190,
          "ns_op": [
            3669265.7294736835,
            2766351.8,
            4973556.2
          ],
          "bytes": [
            16785408.0,
            16785408.0,
            16785408.0
          ],
          "alloc": [
            1.0,
            1.0,
            1.0
          ]
        },
        "HashTreeRootMainnetState": {
          "samples": 190,
          "ns_op": [
            143964607.16105255,
            141747907.2,
            158024056.6
          ],
          "bytes": [
            1822999.3189473695,
            419891.4,
            2399084.8
          ],
          "alloc": [
            4.451578947368424,
            1.0,
            6.0
          ]
        }
      }
    }
  ]
}