{
  "aggregations": [
    {
      "version": "v0.0.0-20251203093649-0b1f38e43198",
      "first": 1765781902,
      "last": 1771080833,
      "dev": true,
      "results": {
        "UnmarshalMainnetBlock": {
          "samples": 130,
          "ns_op": [
            63251.79230769232,
            59647.0,
            71067.2
          ],
          "bytes": [
            162136.0,
            162136.0,
            162136.0
          ],
          "alloc": [
            1520.0,
            1520.0,
            1520.0
          ]
        },
        "MarshalMainnetBlock": {
          "samples": 130,
          "ns_op": [
            19151.190769230787,
            17070.6,
            24466.8
          ],
          "bytes": [
            131072.0,
            131072.0,
            131072.0
          ],
          "alloc": [
            1.0,
            1.0,
            1.0
          ]
        },
        "HashTreeRootMainnetBlock": {
          "samples": 130,
          "ns_op": [
            1128717.3061538462,
            1104841.8,
            1202530.4
          ],
          "bytes": [
            1548.4984615384635,
            1539.4,
            1554.2
          ],
          "alloc": [
            32.0,
            32.0,
            32.0
          ]
        },
        "UnmarshalMainnetState": {
          "samples": 130,
          "ns_op": [
            12164245.483076924,
            11675925.6,
            13025959.6
          ],
          "bytes": [
            20334960.94153846,
            20334960.0,
            20334971.2
          ],
          "alloc": [
            185018.0,
            185018.0,
            185018.0
          ]
        },
        "MarshalMainnetState": {
          "samples": 130,
          "ns_op": [
            3752310.3230769243,
            3425629.8,
            4926601.2
          ],
          "bytes": [
            16785408.0,
            16785408.0,
            16785408.0
          ],
          "alloc": [
            1.0,
            1.0,
            1.0
          ]
        },
        "HashTreeRootMainnetState": {
          "samples": 130,
          "ns_op": [
            144127352.7400001,
            141145653.8,
            152591576.2
          ],
          "bytes": [
            1911894.4630769219,
            959671.8,
            2399084.8
          ],
          "alloc": [
            4.68923076923077,
            2.4,
            6.0
          ]
        },
        "UnmarshalMinimalBlock": {
          "samples": 130,
          "ns_op": [
            64002.946153846126,
            59745.2,
            71429.8
          ],
          "bytes": [
            162112.0,
            162112.0,
            162112.0
          ],
          "alloc": [
            1508.0,
            1508.0,
            1508.0
          ]
        },
        "MarshalMinimalBlock": {
          "samples": 130,
          "ns_op": [
            19324.10769230768,
            17048.8,
            24675.6
          ],
          "bytes": [
            131072.0,
            131072.0,
            131072.0
          ],
          "alloc": [
            1.0,
            1.0,
            1.0
          ]
        },
        "HashTreeRootMinimalBlock": {
          "samples": 130,
          "ns_op": [
            1122196.6046153842,
            1091921.6,
            1195066.6
          ],
          "bytes": [
            1546.5384615384623,
            1536.0,
            1554.0
          ],
          "alloc": [
            32.0,
            32.0,
            32.0
          ]
        },
        "UnmarshalMinimalState": {
          "samples": 130,
          "ns_op": [
            9620131.789230771,
            9181869.0,
            10421292.0
          ],
          "bytes": [
            15443056.869230775,
            15443056.0,
            15443058.4
          ],
          "alloc": [
            100314.0,
            100314.0,
            100314.0
          ]
        },
        "MarshalMinimalState": {
          "samples": 130,
          "ns_op": [
            3085234.699999999,
            2844678.6,
            4051522.6
          ],
          "bytes": [
            13918208.0,
            13918208.0,
            13918208.0
          ],
          "alloc": [
            1.0,
            1.0,
            1.0
          ]
        },
        "HashTreeRootMinimalState": {
          "samples": 130,
          "ns_op": [
            131126034.08769232,
            128539198.8,
            139111358.6
          ],
          "bytes": [
            1550145.246153844,
            419878.4,
            2099132.0
          ],
          "alloc": [
            3.6923076923076925,
            1.0,
            5.0
          ]
        }
      }
    },
    {
      "version": "v0.0.0-20250808103907-ac370aa5f7e4",
      "dev": false,
      "first": 1765791584,
      "last": 1771080833,
      "results": {
        "UnmarshalMainnetBlock": {
          "samples": 127,
          "ns_op": [
            64787.01417322834,
            61303.0,
            73764.4
          ],
          "bytes": [
            163328.0,
            163328.0,
            163328.0
          ],
          "alloc": [
            1669.0,
            1669.0,
            1669.0
          ]
        },
        "MarshalMainnetBlock": {
          "samples": 127,
          "ns_op": [
            18990.773228346465,
            17212.2,
            24027.0
          ],
          "bytes": [
            131072.0,
            131072.0,
            131072.0
          ],
          "alloc": [
            1.0,
            1.0,
            1.0
          ]
        },
        "HashTreeRootMainnetBlock": {
          "samples": 127,
          "ns_op": [
            1135229.996850394,
            1119733.2,
            1212597.8
          ],
          "bytes": [
            1547.9842519685044,
            1536.0,
            1554.6
          ],
          "alloc": [
            32.0,
            32.0,
            32.0
          ]
        },
        "UnmarshalMainnetState": {
          "samples": 127,
          "ns_op": [
            11972361.352755902,
            11574159.4,
            13016220.4
          ],
          "bytes": [
            20335043.768503938,
            20335042.0,
            20335055.8
          ],
          "alloc": [
            185028.0,
            185028.0,
            185028.0
          ]
        },
        "MarshalMainnetState": {
          "samples": 127,
          "ns_op": [
            3742849.239370079,
            3411218.6,
            4960442.0
          ],
          "bytes": [
            16785408.0,
            16785408.0,
            16785408.0
          ],
          "alloc": [
            1.0,
            1.0,
            1.0
          ]
        },
        "HashTreeRootMainnetState": {
          "samples": 127,
          "ns_op": [
            144121440.55748037,
            142289149.0,
            152022147.2
          ],
          "bytes": [
            1834743.8472440934,
            839717.8,
            2399082.0
          ],
          "alloc": [
            4.492913385826772,
            2.0,
            6.0
          ]
        },
        "UnmarshalMinimalBlock": {
          "samples": 127,
          "ns_op": [
            65239.86771653542,
            61401.6,
            73708.4
          ],
          "bytes": [
            163312.0,
            163312.0,
            163312.0
          ],
          "alloc": [
            1657.0,
            1657.0,
            1657.0
          ]
        },
        "MarshalMinimalBlock": {
          "samples": 127,
          "ns_op": [
            19183.64251968505,
            17144.6,
            24461.4
          ],
          "bytes": [
            131072.0,
            131072.0,
            131072.0
          ],
          "alloc": [
            1.0,
            1.0,
            1.0
          ]
        },
        "HashTreeRootMinimalBlock": {
          "samples": 127,