{
  "aggregations": [
    {
      "version": "v0.0.0-20251203093649-0b1f38e43198",
      "first": 1765781902,
      "last": 1768056221,
      "dev": true,
      "results": {
        "UnmarshalMainnetBlock": {
          "samples": 60,
          "ns_op": [
            63633.40666666667,
            60213.6,
            71067.2
          ],
          "bytes": [
            162136.0,
            162136.0,
            162136.0
          ],
          "alloc": [
            1520.0,
            1520.0,
            1520.0
          ]
        },
        "MarshalMainnetBlock": {
          "samples": 60,
          "ns_op": [
            19134.046666666676,
            17404.4,
            24466.8
          ],
          "bytes": [
            131072.0,
            131072.0,
            131072.0
          ],
          "alloc": [
            1.0,
            1.0,
            1.0
          ]
        },
        "HashTreeRootMainnetBlock": {
          "samples": 60,
          "ns_op": [
            1129374.4699999997,
            1117241.2,
            1196747.0
          ],
          "bytes": [
            1548.0033333333336,
            1539.4,
            1554.0
          ],
          "alloc": [
            32.0,
            32.0,
            32.0
          ]
        },
        "UnmarshalMainnetState": {
          "samples": 60,
          "ns_op": [
            12251649.486666666,
            11935973.8,
            13025959.6
          ],
          "bytes": [
            20334960.83000001,
            20334960.0,
            20334962.4
          ],
          "alloc": [
            185018.0,
            185018.0,
            185018.0
          ]
        },
        "MarshalMainnetState": {
          "samples": 60,
          "ns_op": [
            3786514.773333333,
            3548722.0,
            4926601.2
          ],
          "bytes": [
            16785408.0,
            16785408.0,
            16785408.0
          ],
          "alloc": [
            1.0,
            1.0,
            1.0
          ]
        },
        "HashTreeRootMainnetState": {
          "samples": 60,
          "ns_op": [
            144265687.09333342,
            142437158.0,
            152591576.2
          ],
          "bytes": [
            1882291.2399999993,
            959671.8,
            2399084.8
          ],
          "alloc": [
            4.616666666666668,
            2.4,
            6.0
          ]
        },
        "UnmarshalMinimalBlock": {
          "samples": 60,
          "ns_op": [
            64306.84333333334,
            60531.0,
            71237.6
          ],
          "bytes": [
            162112.0,
            162112.0,
            162112.0
          ],
          "alloc": [
            1508.0,
            1508.0,
            1508.0
          ]
        },
        "MarshalMinimalBlock": {
          "samples": 60,
          "ns_op": [
            19259.81333333333,
            17520.2,
            24474.2
          ],
          "bytes": [
            131072.0,
            131072.0,
            131072.0
          ],
          "alloc": [
            1.0,
            1.0,
            1.0
          ]
        },
        "HashTreeRootMinimalBlock": {
          "samples": 60,
          "ns_op": [
            1123045.436666667,
            1110562.0,
            1189399.0
          ],
          "bytes": [
            1546.0633333333337,
            1536.0,
            1554.0
          ],
          "alloc": [
            32.0,
            32.0,
            32.0
          ]
        },
        "UnmarshalMinimalState": {
          "samples": 60,
          "ns_op": [
            9687686.203333328,
            9414193.0,
            10261712.0
          ],
          "bytes": [
            15443056.876666667,
            15443056.0,
            15443058.0
          ],
          "alloc": [
            100314.0,
            100314.0,
            100314.0
          ]
        },
        "MarshalMinimalState": {
          "samples": 60,
          "ns_op": [
            3102327.6799999997,
            2915999.6,
            3933876.8
          ],
          "bytes": [
            13918208.0,
            13918208.0,
            13918208.0
          ],
          "alloc": [
            1.0,
            1.0,
            1.0
          ]
        },
        "HashTreeRootMinimalState": {
          "samples": 60,
          "ns_op": [
            131295471.28666668,
            129886015.2,
            138693066.6
          ],
          "bytes": [
            1581362.14,
            419878.4,
            2099132.0
          ],
          "alloc": [
            3.7666666666666666,
            1.0,
            5.0
          ]
        }
      }
    },
    {
      "version": "v0.0.0-20250808103907-ac370aa5f7e4",
      "dev": false,
      "first": 1765791584,
      "last": 1768056221,
      "results": {
        "UnmarshalMainnetBlock": {
          "samples": 57,
          "ns_op": [
            65099.10175438596,
            61761.2,
            73764.4
          ],
          "bytes": [
            163328.0,
            163328.0,
            163328.0
          ],
          "alloc": [
            1669.0,
            1669.0,
            1669.0
          ]
        },
        "MarshalMainnetBlock": {
          "samples": 57,
          "ns_op": [
            19043.38947368422,
            17215.0,
            24027.0
          ],
          "bytes": [
            131072.0,
            131072.0,
            131072.0
          ],
          "alloc": [
            1.0,
            1.0,
            1.0
          ]
        },
        "HashTreeRootMainnetBlock": {
          "samples": 57,
          "ns_op": [
            1137402.9228070173,
            1120866.6,
            1212023.8
          ],
          "bytes": [
            1548.6035087719292,
            1539.4,
            1554.2
          ],
          "alloc": [
            32.0,
            32.0,
            32.0
          ]
        },
        "UnmarshalMainnetState": {
          "samples": 57,
          "ns_op": [
            12010363.79649123,
            11574159.4,
            13016220.4
          ],
          "bytes": [
            20335043.649122797,
            20335042.0,
            20335054.4
          ],
          "alloc": [
            185028.0,
            185028.0,
            185028.0
          ]
        },
        "MarshalMainnetState": {
          "samples": 57,
          "ns_op": [
            3780163.2385964906,
            3541343.2,
            4960442.0
          ],
          "bytes": [
            16785408.0,
            16785408.0,
            16785408.0
          ],
          "alloc": [
            1.0,
            1.0,
            1.0
          ]
        },
        "HashTreeRootMainnetState": {
          "samples": 57,
          "ns_op": [
            144321783.79649124,
            142656567.2,
            151914345.2
          ],
          "bytes": [
            1848779.2771929821,
            839717.8,
            2399082.0
          ],
          "alloc": [
            4.543859649122809,
            2.0,
            6.0
          ]
        },
        "UnmarshalMinimalBlock": {
          "samples": 57,
          "ns_op": [
            65510.84561403509,
            62147.2,
            73708.4
          ],
          "bytes": [
            163312.0,
            163312.0,
            163312.0
          ],
          "alloc": [
            1657.0,
            1657.0,
            1657.0
          ]
        },
        "MarshalMinimalBlock": {
          "samples": 57,
          "ns_op": [
            19171.87719298247,
            17345.6,
            24461.4
          ],
          "bytes": [
            131072.0,
            131072.0,
            131072.0
          ],
          "alloc": [
            1.0,
            1.0,
            1.0
          ]
        },
        "HashTreeRootMinimalBlock": {
          "samples": 57,