{
  "aggregations": [
    {
      "version": "v1.0.0",
      "first": 1765321200,
      "last": 1768661029,
      "results": {
        "UnmarshalMainnetBlock": {
          "samples": 77,
          "ns_op": [
            54426.33246753245,
            51586.2,
            61344.8
          ],
          "bytes": [
            161816.0,
            161816.0,
            161816.0
          ],
          "alloc": [
            1515.0,
            1515.0,
            1515.0
          ]
        },
        "MarshalMainnetBlock": {
          "samples": 77,
          "ns_op": [
            18329.971428571436,
            16666.0,
            23521.0
          ],
          "bytes": [
            131072.0,
            131072.0,
            131072.0
          ],
          "alloc": [
            1.0,
            1.0,
            1.0
          ]
        },
        "HashTreeRootMainnetBlock": {
          "samples": 77,
          "ns_op": [
            1132242.0935064934,
            1119907.4,
            1192930.0
          ],
          "bytes": [
            1548.2129870129877,
            1536.0,
            1554.0
          ],
          "alloc": [
            32.0,
            32.0,
            32.0
          ]
        },
        "UnmarshalMainnetState": {
          "samples": 77,
          "ns_op": [
            7499119.1792207835,
            7186787.8,
            8612571.8
          ],
          "bytes": [
            20334689.441558443,
            20334688.4,
            20334696.6
          ],
          "alloc": [
            185015.0,
            185015.0,
            185015.0
          ]
        },
        "MarshalMainnetState": {
          "samples": 77,
          "ns_op": [
            3720275.018181817,
            3478886.8,
            4973556.2
          ],
          "bytes": [
            16785408.0,
            16785408.0,
            16785408.0
          ],
          "alloc": [
            1.0,
            1.0,
            1.0
          ]
        },
        "HashTreeRootMainnetState": {
          "samples": 77,
          "ns_op": [
            144466290.82077911,
            142754106.0,
            152112302.6
          ],
          "bytes": [
            1980031.2597402593,
            959677.2,
            2399084.8
          ],
          "alloc": [
            4.883116883116884,
            2.4,
            6.0
          ]
        }
      }
    }
  ]
}