{
  "aggregations": [
    {
      "version": "v0.0.0-20251203093649-0b1f38e43198",
      "dev": true,
      "first": 1771341949,
      "last": 1771685583,
      "results": {
        "UnmarshalMainnetBlock": {
          "samples": 9,
          "ns_op": [
            61645.044444444444,
            60132.6,
            63243.6
          ],
          "bytes": [
            162136.0,
            162136.0,
            162136.0
          ],
          "alloc": [
            1520.0,
            1520.0,
            1520.0
          ]
        },
        "MarshalMainnetBlock": {
          "samples": 9,
          "ns_op": [
            18747.133333333335,
            17835.0,
            19611.2
          ],
          "bytes": [
            131072.0,
            131072.0,
            131072.0
          ],
          "alloc": [
            1.0,
            1.0,
            1.0
          ]
        },
        "HashTreeRootMainnetBlock": {
          "samples": 9,
          "ns_op": [
            1120809.5333333334,
            1119142.8,
            1123658.8
          ],
          "bytes": [
            1548.088888888889,
            1546.2,
            1553.0
          ],
          "alloc": [
            32.0,
            32.0,
            32.0
          ]
        },
        "UnmarshalMainnetState": {
          "samples": 9,
          "ns_op": [
            11818520.222222222,
            11683782.2,
            12082003.8
          ],
          "bytes": [
            20334960.644444443,
            20334960.0,
            20334962.0
          ],
          "alloc": [
            185018.0,
            185018.0,
            185018.0
          ]
        },
        "MarshalMainnetState": {
          "samples": 9,
          "ns_op": [
            3523275.088888889,
            3389381.4,
            3652275.4
          ],
          "bytes": [
            16785408.0,
            16785408.0,
            16785408.0
          ],
          "alloc": [
            1.0,
            1.0,
            1.0
          ]
        },
        "HashTreeRootMainnetState": {
          "samples": 9,
          "ns_op": [
            143023842.44444445,
            142524703.8,
            143339350.8
          ],
          "bytes": [
            1832643.7555555557,
            899694.8,
            2279128.0
          ],
          "alloc": [
            4.466666666666667,
            2.2,
            5.6
          ]
        },
        "UnmarshalMinimalBlock": {
          "samples": 9,
          "ns_op": [
            62765.444444444445,
            60050.6,
            65668.6
          ],
          "bytes": [
            162112.0,
            162112.0,
            162112.0
          ],
          "alloc": [
            1508.0,
            1508.0,
            1508.0
          ]
        },
        "MarshalMinimalBlock": {
          "samples": 9,
          "ns_op": [
            19216.688888888886,
            17889.6,
            20681.0
          ],
          "bytes": [
            131072.0,
            131072.0,
            131072.0
          ],
          "alloc": [
            1.0,
            1.0,
            1.0
          ]
        },
        "HashTreeRootMinimalBlock": {
          "samples": 9,
          "ns_op": [
            1115261.6888888888,
            1111947.6,
            1122166.4
          ],
          "bytes": [
            1546.1999999999998,
            1542.8,
            1553.0
          ],
          "alloc": [
            32.0,
            32.0,
            32.0
          ]
        },
        "UnmarshalMinimalState": {
          "samples": 9,
          "ns_op": [
            9414139.688888887,
            9306887.6,
            9651179.8
          ],
          "bytes": [
            15443056.866666667,
            15443056.0,
            15443057.8
          ],
          "alloc": [
            100314.0,
            100314.0,
            100314.0
          ]
        },
        "MarshalMinimalState": {
          "samples": 9,
          "ns_op": [
            2919246.666666666,
            2838945.6,
            2999440.0
          ],
          "bytes": [
            13918208.0,
            13918208.0,
            13918208.0
          ],
          "alloc": [
            1.0,
            1.0,
            1.0
          ]
        },
        "HashTreeRootMinimalState": {
          "samples": 9,
          "ns_op": [
            130265128.86666666,
            129942709.6,
            130784422.0
          ],
          "bytes": [
            1446096.1555555556,
            419878.4,
            2099197.0
          ],
          "alloc": [
            3.4444444444444446,
            1.0,
            5.0
          ]
        }
      }
    },
    {
      "version": "v0.0.0-20250808103907-ac370aa5f7e4",
      "dev": false,
      "first": 1771341949,
      "last": 1771685583,
      "results": {
        "UnmarshalMainnetBlock": {
          "samples": 9,
          "ns_op": [
            63698.600000000006,
            62286.2,
            65139.8
          ],
          "bytes": [
            163328.0,
            163328.0,
            163328.0
          ],
          "alloc": [
            1669.0,
            1669.0,
            1669.0
          ]
        },
        "MarshalMainnetBlock": {
          "samples": 9,
          "ns_op": [
            18528.08888888889,
            17546.2,
            19305.0
          ],
          "bytes": [
            131072.0,
            131072.0,
            131072.0
          ],
          "alloc": [
            1.0,
            1.0,
            1.0
          ]
        },
        "HashTreeRootMainnetBlock": {
          "samples": 9,
          "ns_op": [
            1125431.5999999999,
            1119637.0,
            1142563.6
          ],
          "bytes": [
            1550.0444444444445,
            1539.4,
            1553.4
          ],
          "alloc": [
            32.0,
            32.0,
            32.0
          ]
        },
        "UnmarshalMainnetState": {
          "samples": 9,
          "ns_op": [
            11757123.600000001,
            11639575.0,
            11979255.4
          ],
          "bytes": [
            20335043.42222222,
            20335042.6,
            20335044.6
          ],
          "alloc": [
            185028.0,
            185028.0,
            185028.0
          ]
        },
        "MarshalMainnetState": {
          "samples": 9,
          "ns_op": [
            3541450.577777778,
            3386614.2,
            3663395.8
          ],
          "bytes": [
            16785408.0,
            16785408.0,
            16785408.0
          ],
          "alloc": [
            1.0,
            1.0,
            1.0
          ]
        },
        "HashTreeRootMainnetState": {
          "samples": 9,
          "ns_op": [
            142867559.46666667,
            142293012.0,
            143399672.0
          ],
          "bytes": [
            1885955.2444444443,
            839717.8,
            2399082.0
          ],
          "alloc": [
            4.6,
            2.0,
            6.0
          ]
        },
        "UnmarshalMinimalBlock": {
          "samples": 9,
          "ns_op": [
            63594.644444444435,
            62262.8,
            64886.6
          ],
          "bytes": [
            163312.0,
            163312.0,
            163312.0
          ],
          "alloc": [
            1657.0,
            1657.0,
            1657.0
          ]
        },
        "MarshalMinimalBlock": {
          "samples": 9,
          "ns_op": [
            18744.0,
            17759.4,
            19631.2
          ],
          "bytes": [
            131072.0,
            131072.0,
            131072.0
          ],
          "alloc": [
            1.0,
            1.0,
            1.0
          ]
        },
        "HashTreeRootMinimalBlock": {
          "samples": 9,
          "ns_op": [
            1120096.2888888891,
            1112871.2,
            1133821.6
          ],