{
  "aggregations": [
    {
      "version": "v0.0.0-20251203093649-0b1f38e43198",
      "first": 1765781902,
      "last": 1767451431,
      "dev": true,
      "results": {
        "UnmarshalMainnetBlock": {
          "samples": 46,
          "ns_op": [
            63613.621739130445,
            60213.6,
            71067.2
          ],
          "bytes": [
            162136.0,
            162136.0,
            162136.0
          ],
          "alloc": [
            1520.0,
            1520.0,
            1520.0
          ]
        },
        "MarshalMainnetBlock": {
          "samples": 46,
          "ns_op": [
            19188.543478260875,
            17404.4,
            24466.8
          ],
          "bytes": [
            131072.0,
            131072.0,
            131072.0
          ],
          "alloc": [
            1.0,
            1.0,
            1.0
          ]
        },
        "HashTreeRootMainnetBlock": {
          "samples": 46,
          "ns_op": [
            1127597.5913043474,
            1117407.0,
            1196471.8
          ],
          "bytes": [
            1548.2652173913043,
            1539.4,
            1553.0
          ],
          "alloc": [
            32.0,
            32.0,
            32.0
          ]
        },
        "UnmarshalMainnetState": {
          "samples": 46,
          "ns_op": [
            12236164.32173913,
            11935973.8,
            12920556.6
          ],
          "bytes": [
            20334960.800000004,
            20334960.0,
            20334962.4
          ],
          "alloc": [
            185018.0,
            185018.0,
            185018.0
          ]
        },
        "MarshalMainnetState": {
          "samples": 46,
          "ns_op": [
            3763035.265217391,
            3548722.0,
            4926601.2
          ],
          "bytes": [
            16785408.0,
            16785408.0,
            16785408.0
          ],
          "alloc": [
            1.0,
            1.0,
            1.0
          ]
        },
        "HashTreeRootMainnetState": {
          "samples": 46,
          "ns_op": [
            144072691.1913044,
            142609846.6,
            152591576.2
          ],
          "bytes": [
            1921883.4999999998,
            1259544.2,
            2399084.8
          ],
          "alloc": [
            4.713043478260871,
            3.0,
            6.0
          ]
        },
        "UnmarshalMinimalBlock": {
          "samples": 46,
          "ns_op": [
            64296.50434782609,
            60531.0,
            71237.6
          ],
          "bytes": [
            162112.0,
            162112.0,
            162112.0
          ],
          "alloc": [
            1508.0,
            1508.0,
            1508.0
          ]
        },
        "MarshalMinimalBlock": {
          "samples": 46,
          "ns_op": [
            19246.547826086957,
            17520.2,
            24474.2
          ],
          "bytes": [
            131072.0,
            131072.0,
            131072.0
          ],
          "alloc": [
            1.0,
            1.0,
            1.0
          ]
        },
        "HashTreeRootMinimalBlock": {
          "samples": 46,
          "ns_op": [
            1121177.165217392,
            1110562.0,
            1189399.0
          ],
          "bytes": [
            1545.9782608695648,
            1536.0,
            1554.0
          ],
          "alloc": [
            32.0,
            32.0,
            32.0
          ]
        },
        "UnmarshalMinimalState": {
          "samples": 46,
          "ns_op": [
            9677994.078260867,
            9414193.0,
            10123944.8
          ],
          "bytes": [
            15443056.92173913,
            15443056.0,
            15443058.0
          ],
          "alloc": [
            100314.0,
            100314.0,
            100314.0
          ]
        },
        "MarshalMinimalState": {
          "samples": 46,
          "ns_op": [
            3082058.0173913045,
            2915999.6,
            3933876.8
          ],
          "bytes": [
            13918208.0,
            13918208.0,
            13918208.0
          ],
          "alloc": [
            1.0,
            1.0,
            1.0
          ]
        },
        "HashTreeRootMinimalState": {
          "samples": 46,
          "ns_op": [
            131103208.40869565,
            129886015.2,
            138693066.6
          ],
          "bytes": [
            1560675.6826086957,
            419878.4,
            2099132.0
          ],
          "alloc": [
            3.717391304347826,
            1.0,
            5.0
          ]
        }
      }
    },
    {
      "version": "v0.0.0-20250808103907-ac370aa5f7e4",
      "dev": false,
      "first": 1765791584,
      "last": 1767451431,
      "results": {
        "UnmarshalMainnetBlock": {
          "samples": 43,
          "ns_op": [
            65026.85581395347,
            61761.2,
            73410.2
          ],
          "bytes": [
            163328.0,
            163328.0,
            163328.0
          ],
          "alloc": [
            1669.0,
            1669.0,
            1669.0
          ]
        },
        "MarshalMainnetBlock": {
          "samples": 43,
          "ns_op": [
            19047.846511627922,
            17215.0,
            24027.0
          ],
          "bytes": [
            131072.0,
            131072.0,
            131072.0
          ],
          "alloc": [
            1.0,
            1.0,
            1.0
          ]
        },
        "HashTreeRootMainnetBlock": {
          "samples": 43,
          "ns_op": [
            1135315.460465116,
            1120906.0,
            1207962.4
          ],
          "bytes": [
            1548.9999999999998,
            1539.4,
            1554.2
          ],
          "alloc": [
            32.0,
            32.0,
            32.0
          ]
        },
        "UnmarshalMainnetState": {
          "samples": 43,
          "ns_op": [
            12005716.302325582,
            11574159.4,
            13016220.4
          ],
          "bytes": [
            20335043.65116278,
            20335042.0,
            20335054.4
          ],
          "alloc": [
            185028.0,
            185028.0,
            185028.0
          ]
        },
        "MarshalMainnetState": {
          "samples": 43,
          "ns_op": [
            3749996.623255813,
            3541343.2,
            4960442.0
          ],
          "bytes": [
            16785408.0,
            16785408.0,
            16785408.0
          ],
          "alloc": [
            1.0,
            1.0,
            1.0
          ]
        },
        "HashTreeRootMainnetState": {
          "samples": 43,
          "ns_op": [
            144150219.7581395,
            142656567.2,
            151914345.2
          ],
          "bytes": [
            1894170.7069767439,
            959671.8,
            2399082.0
          ],
          "alloc": [
            4.66046511627907,
            2.4,
            6.0
          ]
        },
        "UnmarshalMinimalBlock": {
          "samples": 43,
          "ns_op": [
            65434.018604651144,
            62260.4,
            73708.4
          ],
          "bytes": [
            163312.0,
            163312.0,
            163312.0
          ],
          "alloc": [
            1657.0,
            1657.0,
            1657.0
          ]
        },
        "MarshalMinimalBlock": {
          "samples": 43,
          "ns_op": [
            19149.190697674425,
            17345.6,
            24461.4
          ],
          "bytes": [
            131072.0,
            131072.0,
            131072.0
          ],
          "alloc": [
            1.0,
            1.0,
            1.0
          ]
        },
        "HashTreeRootMinimalBlock": {
          "samples": 43,