{
  "aggregations": [
    {
      "version": "v1.0.0",
      "dev": false,
      "first": 1771341949,
      "last": 1771685583,
      "results": {
        "UnmarshalMainnetBlock": {
          "samples": 9,
          "ns_op": [
            53814.64444444444,
            52793.0,
            55102.0
          ],
          "bytes": [
            161816.0,
            161816.0,
            161816.0
          ],
          "alloc": [
            1515.0,
            1515.0,
            1515.0
          ]
        },
        "MarshalMainnetBlock": {
          "samples": 9,
          "ns_op": [
            18105.08888888889,
            17173.0,
            19269.0
          ],
          "bytes": [
            131072.0,
            131072.0,
            131072.0
          ],
          "alloc": [
            1.0,
            1.0,
            1.0
          ]
        },
        "HashTreeRootMainnetBlock": {
          "samples": 9,
          "ns_op": [
            1156582.1555555556,
            1118839.4,
            1200188.8
          ],
          "bytes": [
            1549.0444444444447,
            1546.2,
            1554.2
          ],
          "alloc": [
            32.0,
            32.0,
            32.0
          ]
        },
        "UnmarshalMainnetState": {
          "samples": 9,
          "ns_op": [
            7313996.977777778,
            7216345.4,
            7467764.2
          ],
          "bytes": [
            20334689.355555553,
            20334689.0,
            20334690.0
          ],
          "alloc": [
            185015.0,
            185015.0,
            185015.0
          ]
        },
        "MarshalMainnetState": {
          "samples": 9,
          "ns_op": [
            3518438.4000000004,
            3384415.2,
            3630283.6
          ],
          "bytes": [
            16785408.0,
            16785408.0,
            16785408.0
          ],
          "alloc": [
            1.0,
            1.0,
            1.0
          ]
        },
        "HashTreeRootMainnetState": {
          "samples": 9,
          "ns_op": [
            142528777.71111113,
            141881358.8,
            142960763.8
          ],
          "bytes": [
            1672707.8888888888,
            839717.8,
            2159174.0
          ],
          "alloc": [
            4.022222222222222,
            2.0,
            5.2
          ]
        }
      }
    }
  ]
}