{
  "aggregations": [
    {
      "version": "v1.0.0",
      "first": 1765321200,
      "last": 1766846599,
      "results": {
        "UnmarshalMainnetBlock": {
          "samples": 31,
          "ns_op": [
            54639.86451612903,
            51586.2,
            61228.6
          ],
          "bytes": [
            161816.0,
            161816.0,
            161816.0
          ],
          "alloc": [
            1515.0,
            1515.0,
            1515.0
          ]
        },
        "MarshalMainnetBlock": {
          "samples": 31,
          "ns_op": [
            18530.270967741937,
            16842.8,
            23450.4
          ],
          "bytes": [
            131072.0,
            131072.0,
            131072.0
          ],
          "alloc": [
            1.0,
            1.0,
            1.0
          ]
        },
        "HashTreeRootMainnetBlock": {
          "samples": 31,
          "ns_op": [
            1133160.0193548384,
            1119907.4,
            1191761.2
          ],
          "bytes": [
            1548.1870967741934,
            1539.4,
            1554.0
          ],
          "alloc": [
            32.0,
            32.0,
            32.0
          ]
        },
        "UnmarshalMainnetState": {
          "samples": 31,
          "ns_op": [
            7531921.535483873,
            7186787.8,
            8612571.8
          ],
          "bytes": [
            20334689.380645163,
            20334688.4,
            20334695.8
          ],
          "alloc": [
            185015.0,
            185015.0,
            185015.0
          ]
        },
        "MarshalMainnetState": {
          "samples": 31,
          "ns_op": [
            3738691.948387096,
            3478886.8,
            4973556.2
          ],
          "bytes": [
            16785408.0,
            16785408.0,
            16785408.0
          ],
          "alloc": [
            1.0,
            1.0,
            1.0
          ]
        },
        "HashTreeRootMainnetState": {
          "samples": 31,
          "ns_op": [
            144370183.4193548,
            142788682.6,
            152030730.4
          ],
          "bytes": [
            1985056.3483870968,
            959677.2,
            2399084.8
          ],
          "alloc": [
            4.89032258064516,
            2.4,
            6.0
          ]
        }
      }
    }
  ]
}