{
  "aggregations": [
    {
      "version": "v0.0.0-20251203093649-0b1f38e43198",
      "first": 1765781902,
      "last": 1768661029,
      "dev": true,
      "results": {
        "UnmarshalMainnetBlock": {
          "samples": 74,
          "ns_op": [
            63501.0135135135,
            60213.6,
            71067.2
          ],
          "bytes": [
            162136.0,
            162136.0,
            162136.0
          ],
          "alloc": [
            1520.0,
            1520.0,
            1520.0
          ]
        },
        "MarshalMainnetBlock": {
          "samples": 74,
          "ns_op": [
            19045.835135135138,
            17404.4,
            24466.8
          ],
          "bytes": [
            131072.0,
            131072.0,
            131072.0
          ],
          "alloc": [
            1.0,
            1.0,
            1.0
          ]
        },
        "HashTreeRootMainnetBlock": {
          "samples": 74,
          "ns_op": [
            1129528.8918918916,
            1117241.2,
            1196747.0
          ],
          "bytes": [
            1548.0459459459462,
            1539.4,
            1554.0
          ],
          "alloc": [
            32.0,
            32.0,
            32.0
          ]
        },
        "UnmarshalMainnetState": {
          "samples": 74,
          "ns_op": [
            12237207.194594596,
            11884519.2,
            13025959.6
          ],
          "bytes": [
            20334960.859459467,
            20334960.0,
            20334962.6
          ],
          "alloc": [
            185018.0,
            185018.0,
            185018.0
          ]
        },
        "MarshalMainnetState": {
          "samples": 74,
          "ns_op": [
            3782876.686486487,
            3548722.0,
            4926601.2
          ],
          "bytes": [
            16785408.0,
            16785408.0,
            16785408.0
          ],
          "alloc": [
            1.0,
            1.0,
            1.0
          ]
        },
        "HashTreeRootMainnetState": {
          "samples": 74,
          "ns_op": [
            144303706.79459462,
            142437158.0,
            152591576.2
          ],
          "bytes": [
            1910360.8999999994,
            959671.8,
            2399084.8
          ],
          "alloc": [
            4.68918918918919,
            2.4,
            6.0
          ]
        },
        "UnmarshalMinimalBlock": {
          "samples": 74,
          "ns_op": [
            64118.25135135135,
            60531.0,
            71237.6
          ],
          "bytes": [
            162112.0,
            162112.0,
            162112.0
          ],
          "alloc": [
            1508.0,
            1508.0,
            1508.0
          ]
        },
        "MarshalMinimalBlock": {
          "samples": 74,
          "ns_op": [
            19160.69459459459,
            17520.2,
            24474.2
          ],
          "bytes": [
            131072.0,
            131072.0,
            131072.0
          ],
          "alloc": [
            1.0,
            1.0,
            1.0
          ]
        },
        "HashTreeRootMinimalBlock": {
          "samples": 74,
          "ns_op": [
            1123241.1729729734,
            1110562.0,
            1189399.0
          ],
          "bytes": [
            1546.3810810810817,
            1536.0,
            1554.0
          ],
          "alloc": [
            32.0,
            32.0,
            32.0
          ]
        },
        "UnmarshalMinimalState": {
          "samples": 74,
          "ns_op": [
            9680235.343243241,
            9414193.0,
            10261712.0
          ],
          "bytes": [
            15443056.821621625,
            15443056.0,
            15443058.0
          ],
          "alloc": [
            100314.0,
            100314.0,
            100314.0
          ]
        },
        "MarshalMinimalState": {
          "samples": 74,
          "ns_op": [
            3095940.381081081,
            2900103.4,
            3933876.8
          ],
          "bytes": [
            13918208.0,
            13918208.0,
            13918208.0
          ],
          "alloc": [
            1.0,
            1.0,
            1.0
          ]
        },
        "HashTreeRootMinimalState": {
          "samples": 74,
          "ns_op": [
            131309926.2594595,
            129886015.2,
            138693066.6
          ],
          "bytes": [
            1588548.1351351347,
            419878.4,
            2099132.0
          ],
          "alloc": [
            3.7837837837837838,
            1.0,
            5.0
          ]
        }
      }
    },
    {
      "version": "v0.0.0-20250808103907-ac370aa5f7e4",
      "dev": false,
      "first": 1765791584,
      "last": 1768661029,
      "results": {
        "UnmarshalMainnetBlock": {
          "samples": 71,
          "ns_op": [
            65031.90140845071,
            61761.2,
            73764.4
          ],
          "bytes": [
            163328.0,
            163328.0,
            163328.0
          ],
          "alloc": [
            1669.0,
            1669.0,
            1669.0
          ]
        },
        "MarshalMainnetBlock": {
          "samples": 71,
          "ns_op": [
            18939.276056338033,
            17215.0,
            24027.0
          ],
          "bytes": [
            131072.0,
            131072.0,
            131072.0
          ],
          "alloc": [
            1.0,
            1.0,
            1.0
          ]
        },
        "HashTreeRootMainnetBlock": {
          "samples": 71,
          "ns_op": [
            1136841.622535211,
            1120866.6,
            1212023.8
          ],
          "bytes": [
            1548.4366197183094,
            1539.4,
            1554.2
          ],
          "alloc": [
            32.0,
            32.0,
            32.0
          ]
        },
        "UnmarshalMainnetState": {
          "samples": 71,
          "ns_op": [
            12007605.301408453,
            11574159.4,
            13016220.4
          ],
          "bytes": [
            20335043.749295767,
            20335042.0,
            20335054.4
          ],
          "alloc": [
            185028.0,
            185028.0,
            185028.0
          ]
        },
        "MarshalMainnetState": {
          "samples": 71,
          "ns_op": [
            3772813.9323943662,
            3541343.2,
            4960442.0
          ],
          "bytes": [
            16785408.0,
            16785408.0,
            16785408.0
          ],
          "alloc": [
            1.0,
            1.0,
            1.0
          ]
        },
        "HashTreeRootMainnetState": {
          "samples": 71,
          "ns_op": [
            144341996.6394367,
            142656567.2,
            151914345.2
          ],
          "bytes": [
            1844941.0281690138,
            839717.8,
            2399082.0
          ],
          "alloc": [
            4.535211267605637,
            2.0,
            6.0
          ]
        },
        "UnmarshalMinimalBlock": {
          "samples": 71,
          "ns_op": [
            65378.19999999999,
            62147.2,
            73708.4
          ],
          "bytes": [
            163312.0,
            163312.0,
            163312.0
          ],
          "alloc": [
            1657.0,
            1657.0,
            1657.0
          ]
        },
        "MarshalMinimalBlock": {
          "samples": 71,
          "ns_op": [
            19098.278873239447,
            17345.6,
            24461.4
          ],
          "bytes": [
            131072.0,
            131072.0,
            131072.0
          ],
          "alloc": [
            1.0,
            1.0,
            1.0
          ]
        },
        "HashTreeRootMinimalBlock": {
          "samples": 71,