{
  "aggregations": [
    {
      "version": "v0.3.0",
      "first": 1765321200,
      "last": 1768661029,
      "results": {
        "UnmarshalMainnetBlock": {
          "samples": 77,
          "ns_op": [
            58869.33246753244,
            56124.0,
            65167.2
          ],
          "bytes": [
            148445.21818181823,
            148445.0,
            148445.6
          ],
          "alloc": [
            971.0,
            971.0,
            971.0
          ]
        },
        "MarshalMainnetBlock": {
          "samples": 77,
          "ns_op": [
            30194.48051948052,
            28380.2,
            35645.0
          ],
          "bytes": [
            131080.0,
            131080.0,
            131080.0
          ],
          "alloc": [
            1.0,
            1.0,
            1.0
          ]
        },
        "HashTreeRootMainnetBlock": {
          "samples": 77,
          "ns_op": [
            604050.1454545455,
            585391.0,
            719319.6
          ],
          "bytes": [
            1.4545454545454546,
            0.4,
            3.0
          ],
          "alloc": [
            0.0,
            0.0,
            0.0
          ]
        },
        "UnmarshalMainnetState": {
          "samples": 77,
          "ns_op": [
            10209854.607792208,
            9692248.2,
            11118789.0
          ],
          "bytes": [
            18354835.53766234,
            18354818.0,
            18354860.2
          ],
          "alloc": [
            102066.47532467534,
            102066.0,
            102067.0
          ]
        },
        "MarshalMainnetState": {
          "samples": 77,
          "ns_op": [
            7686564.574025975,
            6939259.4,
            7951002.0
          ],
          "bytes": [
            16785812.49610389,
            16785801.0,
            16785823.2
          ],
          "alloc": [
            3.0,
            3.0,
            3.0
          ]
        },
        "HashTreeRootMainnetState": {
          "samples": 77,
          "ns_op": [
            65755082.031168826,
            62795628.0,
            84771390.4
          ],
          "bytes": [
            583.2051948051945,
            544.0,
            809.2
          ],
          "alloc": [
            1.0,
            1.0,
            1.0
          ]
        },
        "UnmarshalReaderMainnetBlock": {
          "samples": 32,
          "ns_op": [
            76354.13749999998,
            73114.4,
            83818.0
          ],
          "bytes": [
            148493.2937500001,
            148492.8,
            148494.0
          ],
          "alloc": [
            972.0,
            972.0,
            972.0
          ]
        },
        "MarshalWriterMainnetBlock": {
          "samples": 32,
          "ns_op": [
            29863.04375,
            27724.4,
            30975.4
          ],
          "bytes": [
            0.0,
            0.0,
            0.0
          ],
          "alloc": [
            0.0,
            0.0,
            0.0
          ]
        },
        "UnmarshalReaderMainnetState": {
          "samples": 32,
          "ns_op": [
            17258367.137499996,
            16862726.0,
            17682654.2
          ],
          "bytes": [
            18354884.206249997,
            18354870.2,
            18354918.6
          ],
          "alloc": [
            102067.33750000001,
            102067.0,
            102068.2
          ]
        },
        "MarshalWriterMainnetState": {
          "samples": 32,
          "ns_op": [
            8808914.093750002,
            7871947.2,
            9086697.0
          ],
          "bytes": [
            5.0,
            4.0,
            5.4
          ],
          "alloc": [
            0.0,
            0.0,
            0.0
          ]
        }
      }
    },
    {
      "version": "v0.0.0-20240918120927-559052cc385d",
      "first": 1765781902,
      "last": 1768661029,
      "dev": true,
      "results": {
        "UnmarshalMainnetBlock": {
          "samples": 75,
          "ns_op": [
            59169.11466666669,
            56204.4,
            65306.0
          ],
          "bytes": [
            148445.1813333333,
            148444.8,
            148445.6
          ],
          "alloc": [
            971.0,
            971.0,
            971.0
          ]
        },
        "MarshalMainnetBlock": {
          "samples": 75,
          "ns_op": [
            30304.498666666666,
            28471.0,
            35184.4
          ],
          "bytes": [
            131080.0,
            131080.0,
            131080.0
          ],
          "alloc": [
            1.0,
            1.0,
            1.0
          ]
        },
        "HashTreeRootMainnetBlock": {
          "samples": 75,
          "ns_op": [
            604668.7760000002,
            585525.4,
            723392.4
          ],
          "bytes": [
            1.3839999999999997,
            0.4,
            3.0
          ],
          "alloc": [
            0.0,
            0.0,
            0.0
          ]
        },
        "UnmarshalMainnetState": {
          "samples": 75,
          "ns_op": [
            10229903.192000004,
            9724461.8,
            11081518.6
          ],
          "bytes": [
            18354837.938666675,
            18354816.0,
            18354869.2
          ],
          "alloc": [
            102066.4986666667,
            102066.0,
            102067.2
          ]
        },
        "MarshalMainnetState": {
          "samples": 75,
          "ns_op": [
            7631486.248000002,
            7078919.6,
            7965517.4
          ],
          "bytes": [
            16785811.80533333,
            16785796.2,
            16785819.8
          ],
          "alloc": [
            3.0026666666666664,
            2.8,
            3.2
          ]
        },
        "HashTreeRootMainnetState": {
          "samples": 75,
          "ns_op": [
            65812372.33066668,
            62786768.6,
            84814051.6
          ],
          "bytes": [
            584.296,
            544.0,
            796.0
          ],
          "alloc": [
            1.0,
            1.0,
            1.0
          ]
        },
        "UnmarshalReaderMainnetBlock": {
          "samples": 32,
          "ns_op": [
            76573.31875,
            73307.6,
            85164.2
          ],
          "bytes": [
            148493.38125000003,
            148493.0,
            148494.2
          ],
          "alloc": [
            972.0,
            972.0,
            972.0
          ]
        },
        "MarshalWriterMainnetBlock": {
          "samples": 32,
          "ns_op": [
            29839.868750000005,
            27829.0,
            30503.0
          ],
          "bytes": [
            0.0,
            0.0,
            0.0
          ],
          "alloc": [
            0.0,
            0.0,
            0.0
          ]
        },
        "UnmarshalReaderMainnetState": {
          "samples": 32,
          "ns_op": [
            17284725.400000006,
            16986122.6,
            18032890.0
          ],
          "bytes": [
            18354881.962500006,
            18354866.6,
            18354899.0
          ],
          "alloc": [
            102067.32500000001,
            102067.0,
            102067.8
          ]
        },
        "MarshalWriterMainnetState": {
          "samples": 32,
          "ns_op": [
            8896909.424999999,
            7908709.6,
            10287100.6
          ],
          "bytes": [
            4.9875,
            4.4,
            5.2
          ],
          "alloc": [
            0.0,
            0.0,
            0.0
          ]
        }
      }
    }
  ]
}