{
  "aggregations": [
    {
      "version": "v0.3.0",
      "first": 1765321200,
      "last": 1768056221,
      "results": {
        "UnmarshalMainnetBlock": {
          "samples": 63,
          "ns_op": [
            58982.92380952379,
            56124.0,
            65167.2
          ],
          "bytes": [
            148445.22857142866,
            148445.0,
            148445.6
          ],
          "alloc": [
            971.0,
            971.0,
            971.0
          ]
        },
        "MarshalMainnetBlock": {
          "samples": 63,
          "ns_op": [
            30248.250793650797,
            28380.2,
            35645.0
          ],
          "bytes": [
            131080.0,
            131080.0,
            131080.0
          ],
          "alloc": [
            1.0,
            1.0,
            1.0
          ]
        },
        "HashTreeRootMainnetBlock": {
          "samples": 63,
          "ns_op": [
            603699.3238095237,
            585391.0,
            719319.6
          ],
          "bytes": [
            1.4285714285714286,
            0.4,
            3.0
          ],
          "alloc": [
            0.0,
            0.0,
            0.0
          ]
        },
        "UnmarshalMainnetState": {
          "samples": 63,
          "ns_op": [
            10162589.146031743,
            9759779.4,
            11118789.0
          ],
          "bytes": [
            18354834.704761904,
            18354818.0,
            18354856.4
          ],
          "alloc": [
            102066.45396825399,
            102066.0,
            102067.0
          ]
        },
        "MarshalMainnetState": {
          "samples": 63,
          "ns_op": [
            7685160.053968254,
            7078554.8,
            7951002.0
          ],
          "bytes": [
            16785812.45396825,
            16785801.0,
            16785823.2
          ],
          "alloc": [
            3.0,
            3.0,
            3.0
          ]
        },
        "HashTreeRootMainnetState": {
          "samples": 63,
          "ns_op": [
            65693875.568253964,
            62795628.0,
            84771390.4
          ],
          "bytes": [
            582.5396825396823,
            544.0,
            809.2
          ],
          "alloc": [
            1.0,
            1.0,
            1.0
          ]
        },
        "UnmarshalReaderMainnetBlock": {
          "samples": 18,
          "ns_op": [
            76508.39999999998,
            73114.4,
            83540.4
          ],
          "bytes": [
            148493.32222222222,
            148492.8,
            148494.0
          ],
          "alloc": [
            972.0,
            972.0,
            972.0
          ]
        },
        "MarshalWriterMainnetBlock": {
          "samples": 18,
          "ns_op": [
            29850.266666666677,
            27724.4,
            30975.4
          ],
          "bytes": [
            0.0,
            0.0,
            0.0
          ],
          "alloc": [
            0.0,
            0.0,
            0.0
          ]
        },
        "UnmarshalReaderMainnetState": {
          "samples": 18,
          "ns_op": [
            17270302.033333335,
            17015917.4,
            17682654.2
          ],
          "bytes": [
            18354887.488888886,
            18354873.8,
            18354918.6
          ],
          "alloc": [
            102067.4222222222,
            102067.0,
            102068.2
          ]
        },
        "MarshalWriterMainnetState": {
          "samples": 18,
          "ns_op": [
            8777699.222222222,
            8154793.2,
            9050912.6
          ],
          "bytes": [
            4.955555555555556,
            4.0,
            5.2
          ],
          "alloc": [
            0.0,
            0.0,
            0.0
          ]
        }
      }
    },
    {
      "version": "v0.0.0-20240918120927-559052cc385d",
      "first": 1765781902,
      "last": 1768056221,
      "dev": true,
      "results": {
        "UnmarshalMainnetBlock": {
          "samples": 61,
          "ns_op": [
            59315.59344262297,
            56204.4,
            65306.0
          ],
          "bytes": [
            148445.19016393446,
            148444.8,
            148445.6
          ],
          "alloc": [
            971.0,
            971.0,
            971.0
          ]
        },
        "MarshalMainnetBlock": {
          "samples": 61,
          "ns_op": [
            30291.524590163935,
            28471.0,
            35184.4
          ],
          "bytes": [
            131080.0,
            131080.0,
            131080.0
          ],
          "alloc": [
            1.0,
            1.0,
            1.0
          ]
        },
        "HashTreeRootMainnetBlock": {
          "samples": 61,
          "ns_op": [
            604433.5868852462,
            585576.6,
            723392.4
          ],
          "bytes": [
            1.4065573770491797,
            0.4,
            3.0
          ],
          "alloc": [
            0.0,
            0.0,
            0.0
          ]
        },
        "UnmarshalMainnetState": {
          "samples": 61,
          "ns_op": [
            10178046.652459018,
            9724461.8,
            10803584.8
          ],
          "bytes": [
            18354836.6590164,
            18354816.0,
            18354867.0
          ],
          "alloc": [
            102066.49180327874,
            102066.0,
            102067.2
          ]
        },
        "MarshalMainnetState": {
          "samples": 61,
          "ns_op": [
            7645239.288524593,
            7111178.6,
            7965517.4
          ],
          "bytes": [
            16785811.583606552,
            16785796.2,
            16785819.4
          ],
          "alloc": [
            3.00327868852459,
            2.8,
            3.2
          ]
        },
        "HashTreeRootMainnetState": {
          "samples": 61,
          "ns_op": [
            65766091.51147542,
            62786768.6,
            84814051.6
          ],
          "bytes": [
            583.3508196721314,
            544.0,
            796.0
          ],
          "alloc": [
            1.0,
            1.0,
            1.0
          ]
        },
        "UnmarshalReaderMainnetBlock": {
          "samples": 18,
          "ns_op": [
            76855.07777777777,
            73356.8,
            85164.2
          ],
          "bytes": [
            148493.4111111111,
            148493.0,
            148494.2
          ],
          "alloc": [
            972.0,
            972.0,
            972.0
          ]
        },
        "MarshalWriterMainnetBlock": {
          "samples": 18,
          "ns_op": [
            29841.744444444445,
            27829.0,
            30481.0
          ],
          "bytes": [
            0.0,
            0.0,
            0.0
          ],
          "alloc": [
            0.0,
            0.0,
            0.0
          ]
        },
        "UnmarshalReaderMainnetState": {
          "samples": 18,
          "ns_op": [
            17230612.677777782,
            16986122.6,
            17628889.4
          ],
          "bytes": [
            18354882.51111111,
            18354874.4,
            18354899.0
          ],
          "alloc": [
            102067.3111111111,
            102067.0,
            102067.8
          ]
        },
        "MarshalWriterMainnetState": {
          "samples": 18,
          "ns_op": [
            8878939.166666668,
            8181997.2,
            9512419.6
          ],
          "bytes": [
            4.98888888888889,
            4.4,
            5.2
          ],
          "alloc": [
            0.0,
            0.0,
            0.0
          ]
        }
      }
    }
  ]
}