{
  "aggregations": [
    {
      "version": "v0.3.0",
      "first": 1765321200,
      "last": 1766846599,
      "results": {
        "UnmarshalMainnetBlock": {
          "samples": 31,
          "ns_op": [
            59022.09677419353,
            56196.6,
            65167.2
          ],
          "bytes": [
            148445.23225806459,
            148445.0,
            148445.6
          ],
          "alloc": [
            971.0,
            971.0,
            971.0
          ]
        },
        "MarshalMainnetBlock": {
          "samples": 31,
          "ns_op": [
            30083.619354838705,
            28380.2,
            35645.0
          ],
          "bytes": [
            131080.0,
            131080.0,
            131080.0
          ],
          "alloc": [
            1.0,
            1.0,
            1.0
          ]
        },
        "HashTreeRootMainnetBlock": {
          "samples": 31,
          "ns_op": [
            604191.4516129034,
            585391.0,
            719319.6
          ],
          "bytes": [
            1.4,
            0.4,
            2.4
          ],
          "alloc": [
            0.0,
            0.0,
            0.0
          ]
        },
        "UnmarshalMainnetState": {
          "samples": 31,
          "ns_op": [
            10062617.716129031,
            9759779.4,
            10453484.0
          ],
          "bytes": [
            18354835.722580645,
            18354818.0,
            18354856.4
          ],
          "alloc": [
            102066.50322580647,
            102066.2,
            102067.0
          ]
        },
        "MarshalMainnetState": {
          "samples": 31,
          "ns_op": [
            7665005.122580646,
            7235255.8,
            7864287.0
          ],
          "bytes": [
            16785812.690322574,
            16785801.8,
            16785823.2
          ],
          "alloc": [
            3.0,
            3.0,
            3.0
          ]
        },
        "HashTreeRootMainnetState": {
          "samples": 31,
          "ns_op": [
            65737669.17419355,
            62795628.0,
            84771390.4
          ],
          "bytes": [
            581.9419354838708,
            544.0,
            809.2
          ],
          "alloc": [
            1.0,
            1.0,
            1.0
          ]
        }
      }
    },
    {
      "version": "v0.0.0-20240918120927-559052cc385d",
      "first": 1765781902,
      "last": 1766846599,
      "dev": true,
      "results": {
        "UnmarshalMainnetBlock": {
          "samples": 29,
          "ns_op": [
            59371.02758620689,
            56204.4,
            64263.4
          ],
          "bytes": [
            148445.1862068965,
            148444.8,
            148445.6
          ],
          "alloc": [
            971.0,
            971.0,
            971.0
          ]
        },
        "MarshalMainnetBlock": {
          "samples": 29,
          "ns_op": [
            30273.399999999998,
            28534.2,
            33717.0
          ],
          "bytes": [
            131080.0,
            131080.0,
            131080.0
          ],
          "alloc": [
            1.0,
            1.0,
            1.0
          ]
        },
        "HashTreeRootMainnetBlock": {
          "samples": 29,
          "ns_op": [
            605581.1655172415,
            585649.6,
            718189.6
          ],
          "bytes": [
            1.4344827586206894,
            0.8,
            2.4
          ],
          "alloc": [
            0.0,
            0.0,
            0.0
          ]
        },
        "UnmarshalMainnetState": {
          "samples": 29,
          "ns_op": [
            10069293.324137932,
            9724461.8,
            10590947.2
          ],
          "bytes": [
            18354840.1862069,
            18354825.4,
            18354867.0
          ],
          "alloc": [
            102066.59310344826,
            102066.2,
            102067.2
          ]
        },
        "MarshalMainnetState": {
          "samples": 29,
          "ns_op": [
            7643356.67586207,
            7190682.0,
            7871562.6
          ],
          "bytes": [
            16785811.413793102,
            16785796.2,
            16785817.0
          ],
          "alloc": [
            3.0,
            2.8,
            3.2
          ]
        },
        "HashTreeRootMainnetState": {
          "samples": 29,
          "ns_op": [
            65900964.69655174,
            62786768.6,
            84688827.4
          ],
          "bytes": [
            583.6758620689654,
            544.0,
            796.0
          ],
          "alloc": [
            1.0,
            1.0,
            1.0
          ]
        }
      }
    }
  ]
}