{
  "aggregations": [
    {
      "version": "v0.3.0",
      "dev": false,
      "first": 1771341949,
      "last": 1771685583,
      "results": {
        "UnmarshalMainnetBlock": {
          "samples": 9,
          "ns_op": [
            59014.88888888889,
            56708.8,
            62172.4
          ],
          "bytes": [
            148445.24444444443,
            148445.0,
            148445.6
          ],
          "alloc": [
            971.0,
            971.0,
            971.0
          ]
        },
        "UnmarshalReaderMainnetBlock": {
          "samples": 9,
          "ns_op": [
            76133.91111111111,
            73028.8,
            78738.8
          ],
          "bytes": [
            148493.22222222222,
            148493.0,
            148493.8
          ],
          "alloc": [
            972.0,
            972.0,
            972.0
          ]
        },
        "MarshalMainnetBlock": {
          "samples": 9,
          "ns_op": [
            30166.066666666666,
            28910.0,
            32319.6
          ],
          "bytes": [
            131080.0,
            131080.0,
            131080.0
          ],
          "alloc": [
            1.0,
            1.0,
            1.0
          ]
        },
        "MarshalWriterMainnetBlock": {
          "samples": 9,
          "ns_op": [
            29384.75555555556,
            29135.4,
            29888.8
          ],
          "bytes": [
            0.0,
            0.0,
            0.0
          ],
          "alloc": [
            0.0,
            0.0,
            0.0
          ]
        },
        "HashTreeRootMainnetBlock": {
          "samples": 9,
          "ns_op": [
            585702.4,
            584715.4,
            587477.6
          ],
          "bytes": [
            1.1999999999999997,
            0.8,
            1.6
          ],
          "alloc": [
            0.0,
            0.0,
            0.0
          ]
        },
        "UnmarshalMainnetState": {
          "samples": 9,
          "ns_op": [
            9690541.133333333,
            9537364.4,
            9981914.6
          ],
          "bytes": [
            18354835.888888888,
            18354829.0,
            18354844.0
          ],
          "alloc": [
            102066.48888888888,
            102066.2,
            102066.8
          ]
        },
        "UnmarshalReaderMainnetState": {
          "samples": 9,
          "ns_op": [
            17192076.2,
            16856367.4,
            17595335.6
          ],
          "bytes": [
            18354880.68888889,
            18354866.6,
            18354894.2
          ],
          "alloc": [
            102067.33333333333,
            102067.0,
            102067.6
          ]
        },
        "MarshalMainnetState": {
          "samples": 9,
          "ns_op": [
            7609409.311111111,
            7457991.8,
            7820777.4
          ],
          "bytes": [
            16785815.733333334,
            16785809.2,
            16785819.8
          ],
          "alloc": [
            3.0444444444444443,
            3.0,
            3.2
          ]
        },
        "MarshalWriterMainnetState": {
          "samples": 9,
          "ns_op": [
            8744018.666666666,
            8631518.8,
            9036182.2
          ],
          "bytes": [
            5.066666666666666,
            5.0,
            5.4
          ],
          "alloc": [
            0.0,
            0.0,
            0.0
          ]
        },
        "HashTreeRootMainnetState": {
          "samples": 9,
          "ns_op": [
            62857178.46666667,
            62720355.8,
            63000457.2
          ],
          "bytes": [
            559.8444444444444,
            544.0,
            575.0
          ],
          "alloc": [
            1.0,
            1.0,
            1.0
          ]
        }
      }
    },
    {
      "version": "v0.0.0-20240918120927-559052cc385d",
      "dev": true,
      "first": 1771341949,
      "last": 1771685583,
      "results": {
        "UnmarshalMainnetBlock": {
          "samples": 9,
          "ns_op": [
            58801.22222222222,
            56640.0,
            61075.0
          ],
          "bytes": [
            148445.24444444443,
            148445.0,
            148445.6
          ],
          "alloc": [
            971.0,
            971.0,
            971.0
          ]
        },
        "UnmarshalReaderMainnetBlock": {
          "samples": 9,
          "ns_op": [
            75623.08888888889,
            73191.4,
            78868.2
          ],
          "bytes": [
            148493.15555555557,
            148493.0,
            148493.6
          ],
          "alloc": [
            972.0,
            972.0,
            972.0
          ]
        },
        "MarshalMainnetBlock": {
          "samples": 9,
          "ns_op": [
            30026.466666666667,
            28783.0,
            32215.8
          ],
          "bytes": [
            131080.0,
            131080.0,
            131080.0
          ],
          "alloc": [
            1.0,
            1.0,
            1.0
          ]
        },
        "MarshalWriterMainnetBlock": {
          "samples": 9,
          "ns_op": [
            29386.62222222222,
            29090.4,
            29754.8
          ],
          "bytes": [
            0.0,
            0.0,
            0.0
          ],
          "alloc": [
            0.0,
            0.0,
            0.0
          ]
        },
        "HashTreeRootMainnetBlock": {
          "samples": 9,
          "ns_op": [
            586362.4888888887,
            584464.6,
            589048.4
          ],
          "bytes": [
            1.2,
            0.8,
            2.0
          ],
          "alloc": [
            0.0,
            0.0,
            0.0
          ]
        },
        "UnmarshalMainnetState": {
          "samples": 9,
          "ns_op": [
            9730406.066666668,
            9470528.0,
            10204107.2
          ],
          "bytes": [
            18354838.4,
            18354830.0,
            18354851.0
          ],
          "alloc": [
            102066.55555555556,
            102066.2,
            102067.0
          ]
        },
        "UnmarshalReaderMainnetState": {
          "samples": 9,
          "ns_op": [
            17202629.422222216,
            16910019.8,
            17632381.6
          ],
          "bytes": [
            18354885.755555555,
            18354863.6,
            18354911.2
          ],
          "alloc": [
            102067.33333333333,
            102067.0,
            102067.8
          ]
        },
        "MarshalMainnetState": {
          "samples": 9,
          "ns_op": [
            7461358.8444444435,
            6930843.2,
            7758225.6
          ],
          "bytes": [
            16785813.88888888,
            16785808.6,
            16785817.0
          ],
          "alloc": [
            3.0,
            3.0,
            3.0
          ]
        },
        "MarshalWriterMainnetState": {
          "samples": 9,
          "ns_op": [
            8730629.488888888,
            8583718.6,
            8968145.6
          ],
          "bytes": [
            5.044444444444444,
            5.0,
            5.4
          ],
          "alloc": [
            0.0,
            0.0,
            0.0
          ]
        },
        "HashTreeRootMainnetState": {
          "samples": 9,
          "ns_op": [
            62781064.08888888,
            62721783.6,
            62881725.6
          ],
          "bytes": [
            555.0222222222222,
            544.0,
            568.8
          ],
          "alloc": [
            1.0,
            1.0,
            1.0
          ]
        }
      }
    }
  ]
}