{
  "aggregations": [
    {
      "version": "v0.3.0",
      "dev": false,
      "first": 1765772178,
      "last": 1784908529,
      "results": {
        "UnmarshalMainnetBlock": {
          "samples": 458,
          "ns_op": [
            57930.487772925764,
            32865.8,
            73237.4
          ],
          "bytes": [
            148444.3676855896,
            148441.0,
            148446.0
          ],
          "alloc": [
            971.0,
            971.0,
            971.0
          ]
        },
        "MarshalMainnetBlock": {
          "samples": 458,
          "ns_op": [
            29909.374454148474,
            15800.2,
            36714.8
          ],
          "bytes": [
            131078.61004366816,
            131073.0,
            131080.2
          ],
          "alloc": [
            1.0,
            1.0,
            1.0
          ]
        },
        "HashTreeRootMainnetBlock": {
          "samples": 458,
          "ns_op": [
            592313.7342794769,
            459595.0,
            723393.4
          ],
          "bytes": [
            1.1930131004366817,
            0.0,
            3.0
          ],
          "alloc": [
            0.0,
            0.0,
            0.0
          ]
        },
        "UnmarshalMainnetState": {
          "samples": 458,
          "ns_op": [
            9976476.654148478,
            5699029.2,
            12107603.6
          ],
          "bytes": [
            18354773.5676856,
            18354511.1,
            18354872.4
          ],
          "alloc": [
            102066.4222707424,
            102066.0,
            102067.2
          ]
        },
        "MarshalMainnetState": {
          "samples": 458,
          "ns_op": [
            7302671.217467252,
            3288045.8,
            8184838.8
          ],
          "bytes": [
            16785750.153493453,
            16785503.2,
            16785823.2
          ],
          "alloc": [
            2.8030567685589522,
            2.0,
            3.2
          ]
        },
        "HashTreeRootMainnetState": {
          "samples": 458,
          "ns_op": [
            64124267.888646364,
            49542969.2,
            85141977.0
          ],
          "bytes": [
            574.7711790393009,
            431.0,
            809.2
          ],
          "alloc": [
            0.8820960698689956,
            0.0,
            1.0
          ]
        },
        "UnmarshalReaderMainnetBlock": {
          "samples": 413,
          "ns_op": [
            74528.05980629547,
            41686.4,
            88048.8
          ],
          "bytes": [
            148492.33317191267,
            148489.0,
            148494.2
          ],
          "alloc": [
            972.0,
            972.0,
            972.0
          ]
        },
        "MarshalWriterMainnetBlock": {
          "samples": 413,
          "ns_op": [
            27948.53535108959,
            16551.6,
            42380.0
          ],
          "bytes": [
            0.0,
            0.0,
            0.0
          ],
          "alloc": [
            0.0,
            0.0,
            0.0
          ]
        },
        "UnmarshalReaderMainnetState": {
          "samples": 413,
          "ns_op": [
            16471932.55036319,
            9041531.4,
            18675791.6
          ],
          "bytes": [
            18354814.09273609,
            18354562.0,
            18354918.6
          ],
          "alloc": [
            102067.28184019365,
            102067.0,
            102068.2
          ]
        },
        "MarshalWriterMainnetState": {
          "samples": 413,
          "ns_op": [
            8283099.944309922,
            4560796.6,
            10610911.2
          ],
          "bytes": [
            4.148910411622269,
            1.0,
            5.8
          ],
          "alloc": [
            0.0,
            0.0,
            0.0
          ]
        }
      }
    },
    {
      "version": "v0.0.0-20240918120927-559052cc385d",
      "dev": true,
      "first": 1765781902,
      "last": 1784908529,
      "results": {
        "UnmarshalMainnetBlock": {
          "samples": 455,
          "ns_op": [
            58047.87780219787,
            34828.0,
            75213.2
          ],
          "bytes": [
            148444.36703296722,
            148441.0,
            148445.8
          ],
          "alloc": [
            971.0,
            971.0,
            971.0
          ]
        },
        "MarshalMainnetBlock": {
          "samples": 455,
          "ns_op": [
            29980.492747252738,
            15593.6,
            42195.1
          ],
          "bytes": [
            131078.61802197818,
            131073.0,
            131080.4
          ],
          "alloc": [
            1.0,
            1.0,
            1.0
          ]
        },
        "HashTreeRootMainnetBlock": {
          "samples": 455,
          "ns_op": [
            592386.774725275,
            450176.0,
            723392.4
          ],
          "bytes": [
            1.212747252747253,
            0.0,
            3.0
          ],
          "alloc": [
            0.0,
            0.0,
            0.0
          ]
        },
        "UnmarshalMainnetState": {
          "samples": 455,
          "ns_op": [
            9988075.173186807,
            5717209.0,
            12883588.3
          ],
          "bytes": [
            18354774.196043976,
            18354510.6,
            18354872.2
          ],
          "alloc": [
            102066.41846153843,
            102066.0,
            102067.2
          ]
        },
        "MarshalMainnetState": {
          "samples": 455,
          "ns_op": [
            7294236.751868132,
            3275787.4,
            9226509.5
          ],
          "bytes": [
            16785749.849230763,
            16785503.1,
            16785821.6
          ],
          "alloc": [
            2.803076923076924,
            2.0,
            3.2
          ]
        },
        "HashTreeRootMainnetState": {
          "samples": 455,
          "ns_op": [
            64130574.364835165,
            50006796.6,
            84912993.4
          ],
          "bytes": [
            575.167692307692,
            438.8,
            809.2
          ],
          "alloc": [
            0.8815384615384616,
            0.0,
            1.0
          ]
        },
        "UnmarshalReaderMainnetBlock": {
          "samples": 412,
          "ns_op": [
            74626.30194174756,
            44709.8,
            88671.6
          ],
          "bytes": [
            148492.349029126,
            148489.0,
            148494.2
          ],
          "alloc": [
            972.0,
            972.0,
            972.0
          ]
        },
        "MarshalWriterMainnetBlock": {
          "samples": 412,
          "ns_op": [
            27910.60388349515,
            16181.2,
            31803.4
          ],
          "bytes": [
            0.0,
            0.0,
            0.0
          ],
          "alloc": [
            0.0,
            0.0,
            0.0
          ]
        },
        "UnmarshalReaderMainnetState": {
          "samples": 412,
          "ns_op": [
            16487982.808252467,
            9061217.4,
            19022275.8
          ],
          "bytes": [
            18354813.929368958,
            18354561.8,
            18354911.2
          ],
          "alloc": [
            102067.26407766985,
            102067.0,
            102068.0
          ]
        },
        "MarshalWriterMainnetState": {
          "samples": 412,
          "ns_op": [
            8321597.796116496,
            4564220.8,
            11783843.6
          ],
          "bytes": [
            4.15752427184466,
            1.0,
            5.6
          ],
          "alloc": [
            0.0,
            0.0,
            0.0
          ]
        }
      }
    }
  ]
}