{
  "aggregations": [
    {
      "version": "v0.3.0",
      "dev": false,
      "first": 1765772178,
      "last": 1773500082,
      "results": {
        "UnmarshalMainnetBlock": {
          "samples": 190,
          "ns_op": [
            59136.198947368444,
            56021.8,
            65167.2
          ],
          "bytes": [
            148445.19999999995,
            148445.0,
            148445.8
          ],
          "alloc": [
            971.0,
            971.0,
            971.0
          ]
        },
        "MarshalMainnetBlock": {
          "samples": 190,
          "ns_op": [
            30336.28736842107,
            28109.2,
            35645.0
          ],
          "bytes": [
            131080.0,
            131080.0,
            131080.0
          ],
          "alloc": [
            1.0,
            1.0,
            1.0
          ]
        },
        "HashTreeRootMainnetBlock": {
          "samples": 190,
          "ns_op": [
            601408.6431578953,
            569388.2,
            720578.8
          ],
          "bytes": [
            1.4157894736842098,
            0.0,
            3.0
          ],
          "alloc": [
            0.0,
            0.0,
            0.0
          ]
        },
        "UnmarshalMainnetState": {
          "samples": 190,
          "ns_op": [
            10018645.183157897,
            9297174.8,
            11118789.0
          ],
          "bytes": [
            18354836.715789482,
            18354818.0,
            18354865.6
          ],
          "alloc": [
            102066.50315789484,
            102066.0,
            102067.0
          ]
        },
        "MarshalMainnetState": {
          "samples": 190,
          "ns_op": [
            7595708.407368418,
            6292674.6,
            8016620.8
          ],
          "bytes": [
            16785813.104210526,
            16785797.4,
            16785823.2
          ],
          "alloc": [
            3.0021052631578953,
            3.0,
            3.2
          ]
        },
        "HashTreeRootMainnetState": {
          "samples": 190,
          "ns_op": [
            65293413.1273684,
            62470078.2,
            84877777.8
          ],
          "bytes": [
            582.1852631578943,
            544.0,
            809.2
          ],
          "alloc": [
            1.0,
            1.0,
            1.0
          ]
        },
        "UnmarshalReaderMainnetBlock": {
          "samples": 145,
          "ns_op": [
            76645.96000000002,
            70824.2,
            83979.6
          ],
          "bytes": [
            148493.2827586205,
            148492.8,
            148494.0
          ],
          "alloc": [
            972.0,
            972.0,
            972.0
          ]
        },
        "MarshalWriterMainnetBlock": {
          "samples": 145,
          "ns_op": [
            29490.49517241377,
            27588.8,
            31740.0
          ],
          "bytes": [
            0.0,
            0.0,
            0.0
          ],
          "alloc": [
            0.0,
            0.0,
            0.0
          ]
        },
        "UnmarshalReaderMainnetState": {
          "samples": 145,
          "ns_op": [
            17245126.331034485,
            16640811.6,
            18356092.0
          ],
          "bytes": [
            18354882.93379311,
            18354866.6,
            18354918.6
          ],
          "alloc": [
            102067.32689655175,
            102067.0,
            102068.2
          ]
        },
        "MarshalWriterMainnetState": {
          "samples": 145,
          "ns_op": [
            8772487.120000005,
            7871947.2,
            9091087.4
          ],
          "bytes": [
            5.031724137931035,
            4.0,
            5.4
          ],
          "alloc": [
            0.0,
            0.0,
            0.0
          ]
        }
      }
    },
    {
      "version": "v0.0.0-20240918120927-559052cc385d",
      "dev": true,
      "first": 1765781902,
      "last": 1773500082,
      "results": {
        "UnmarshalMainnetBlock": {
          "samples": 188,
          "ns_op": [
            59208.08829787241,
            55124.8,
            66319.2
          ],
          "bytes": [
            148445.1957446806,
            148444.8,
            148445.8
          ],
          "alloc": [
            971.0,
            971.0,
            971.0
          ]
        },
        "MarshalMainnetBlock": {
          "samples": 188,
          "ns_op": [
            30378.903191489375,
            27568.4,
            35254.6
          ],
          "bytes": [
            131080.00212765957,
            131080.0,
            131080.2
          ],
          "alloc": [
            1.0,
            1.0,
            1.0
          ]
        },
        "HashTreeRootMainnetBlock": {
          "samples": 188,
          "ns_op": [
            601540.8999999999,
            552758.4,
            723392.4
          ],
          "bytes": [
            1.4393617021276588,
            0.4,
            3.0
          ],
          "alloc": [
            0.0,
            0.0,
            0.0
          ]
        },
        "UnmarshalMainnetState": {
          "samples": 188,
          "ns_op": [
            10031972.64787234,
            9345448.0,
            11081518.6
          ],
          "bytes": [
            18354837.765957456,
            18354816.0,
            18354869.2
          ],
          "alloc": [
            102066.5010638298,
            102066.0,
            102067.2
          ]
        },
        "MarshalMainnetState": {
          "samples": 188,
          "ns_op": [
            7561245.50638298,
            6355993.8,
            8137313.2
          ],
          "bytes": [
            16785812.345744677,
            16785796.2,
            16785821.6
          ],
          "alloc": [
            3.0021276595744686,
            2.8,
            3.2
          ]
        },
        "HashTreeRootMainnetState": {
          "samples": 188,
          "ns_op": [
            65292473.21702128,
            62657313.6,
            84814051.6
          ],
          "bytes": [
            582.0159574468088,
            544.0,
            796.0
          ],
          "alloc": [
            1.0,
            1.0,
            1.0
          ]
        },
        "UnmarshalReaderMainnetBlock": {
          "samples": 145,
          "ns_op": [
            76614.25241379313,
            69665.2,
            85823.0
          ],
          "bytes": [
            148493.29103448257,
            148493.0,
            148494.2
          ],
          "alloc": [
            972.0,
            972.0,
            972.0
          ]
        },
        "MarshalWriterMainnetBlock": {
          "samples": 145,
          "ns_op": [
            29482.802758620684,
            27641.2,
            31803.4
          ],
          "bytes": [
            0.0,
            0.0,
            0.0
          ],
          "alloc": [
            0.0,
            0.0,
            0.0
          ]
        },
        "UnmarshalReaderMainnetState": {
          "samples": 145,
          "ns_op": [
            17252683.4,
            16607271.0,
            18298993.2
          ],
          "bytes": [
            18354881.479999997,
            18354860.6,
            18354911.2
          ],
          "alloc": [
            102067.3117241379,
            102067.0,
            102067.8
          ]
        },
        "MarshalWriterMainnetState": {
          "samples": 145,
          "ns_op": [
            8857592.108965518,
            7908709.6,
            11783843.6
          ],
          "bytes": [
            5.031724137931034,
            4.4,
            5.6
          ],
          "alloc": [
            0.0,
            0.0,
            0.0
          ]
        }
      }
    }
  ]
}