{
  "aggregations": [
    {
      "version": "v0.3.0",
      "first": 1765321200,
      "last": 1767451431,
      "results": {
        "UnmarshalMainnetBlock": {
          "samples": 49,
          "ns_op": [
            59009.620408163246,
            56196.6,
            65167.2
          ],
          "bytes": [
            148445.23673469396,
            148445.0,
            148445.6
          ],
          "alloc": [
            971.0,
            971.0,
            971.0
          ]
        },
        "MarshalMainnetBlock": {
          "samples": 49,
          "ns_op": [
            30229.338775510205,
            28380.2,
            35645.0
          ],
          "bytes": [
            131080.0,
            131080.0,
            131080.0
          ],
          "alloc": [
            1.0,
            1.0,
            1.0
          ]
        },
        "HashTreeRootMainnetBlock": {
          "samples": 49,
          "ns_op": [
            600401.5510204078,
            585391.0,
            719319.6
          ],
          "bytes": [
            1.4081632653061222,
            0.4,
            2.4
          ],
          "alloc": [
            0.0,
            0.0,
            0.0
          ]
        },
        "UnmarshalMainnetState": {
          "samples": 49,
          "ns_op": [
            10087853.220408162,
            9759779.4,
            10621946.4
          ],
          "bytes": [
            18354834.61632653,
            18354818.0,
            18354856.4
          ],
          "alloc": [
            102066.44897959185,
            102066.0,
            102067.0
          ]
        },
        "MarshalMainnetState": {
          "samples": 49,
          "ns_op": [
            7683067.877551022,
            7078554.8,
            7887773.2
          ],
          "bytes": [
            16785812.387755096,
            16785801.8,
            16785823.2
          ],
          "alloc": [
            3.0,
            3.0,
            3.0
          ]
        },
        "HashTreeRootMainnetState": {
          "samples": 49,
          "ns_op": [
            65151867.39183673,
            62795628.0,
            84771390.4
          ],
          "bytes": [
            576.604081632653,
            544.0,
            809.2
          ],
          "alloc": [
            1.0,
            1.0,
            1.0
          ]
        },
        "UnmarshalReaderMainnetBlock": {
          "samples": 4,
          "ns_op": [
            77076.09999999999,
            74421.0,
            80139.4
          ],
          "bytes": [
            148493.15000000002,
            148492.8,
            148493.4
          ],
          "alloc": [
            972.0,
            972.0,
            972.0
          ]
        },
        "MarshalWriterMainnetBlock": {
          "samples": 4,
          "ns_op": [
            30241.850000000002,
            29919.6,
            30393.8
          ],
          "bytes": [
            0.0,
            0.0,
            0.0
          ],
          "alloc": [
            0.0,
            0.0,
            0.0
          ]
        },
        "UnmarshalReaderMainnetState": {
          "samples": 4,
          "ns_op": [
            17350759.05,
            17020482.0,
            17682654.2
          ],
          "bytes": [
            18354888.55,
            18354873.8,
            18354900.2
          ],
          "alloc": [
            102067.35,
            102067.0,
            102067.6
          ]
        },
        "MarshalWriterMainnetState": {
          "samples": 4,
          "ns_op": [
            8784706.649999999,
            8737436.6,
            8856261.2
          ],
          "bytes": [
            5.0,
            5.0,
            5.0
          ],
          "alloc": [
            0.0,
            0.0,
            0.0
          ]
        }
      }
    },
    {
      "version": "v0.0.0-20240918120927-559052cc385d",
      "first": 1765781902,
      "last": 1767451431,
      "dev": true,
      "results": {
        "UnmarshalMainnetBlock": {
          "samples": 47,
          "ns_op": [
            59402.123404255326,
            56204.4,
            64263.4
          ],
          "bytes": [
            148445.18297872343,
            148444.8,
            148445.6
          ],
          "alloc": [
            971.0,
            971.0,
            971.0
          ]
        },
        "MarshalMainnetBlock": {
          "samples": 47,
          "ns_op": [
            30292.710638297875,
            28471.0,
            33784.2
          ],
          "bytes": [
            131080.0,
            131080.0,
            131080.0
          ],
          "alloc": [
            1.0,
            1.0,
            1.0
          ]
        },
        "HashTreeRootMainnetBlock": {
          "samples": 47,
          "ns_op": [
            601193.8297872343,
            585576.6,
            718189.6
          ],
          "bytes": [
            1.3744680851063829,
            0.4,
            2.4
          ],
          "alloc": [
            0.0,
            0.0,
            0.0
          ]
        },
        "UnmarshalMainnetState": {
          "samples": 47,
          "ns_op": [
            10112050.80425532,
            9724461.8,
            10803584.8
          ],
          "bytes": [
            18354836.936170217,
            18354821.4,
            18354867.0
          ],
          "alloc": [
            102066.5191489362,
            102066.2,
            102067.2
          ]
        },
        "MarshalMainnetState": {
          "samples": 47,
          "ns_op": [
            7641727.885106386,
            7111178.6,
            7965517.4
          ],
          "bytes": [
            16785811.565957446,
            16785796.2,
            16785817.6
          ],
          "alloc": [
            3.0,
            2.8,
            3.2
          ]
        },
        "HashTreeRootMainnetState": {
          "samples": 47,
          "ns_op": [
            65218685.45106385,
            62786768.6,
            84688827.4
          ],
          "bytes": [
            576.4808510638301,
            544.0,
            796.0
          ],
          "alloc": [
            1.0,
            1.0,
            1.0
          ]
        },
        "UnmarshalReaderMainnetBlock": {
          "samples": 4,
          "ns_op": [
            77102.35,
            74492.8,
            79966.6
          ],
          "bytes": [
            148493.5,
            148493.4,
            148493.6
          ],
          "alloc": [
            972.0,
            972.0,
            972.0
          ]
        },
        "MarshalWriterMainnetBlock": {
          "samples": 4,
          "ns_op": [
            30307.899999999998,
            30040.8,
            30421.8
          ],
          "bytes": [
            0.0,
            0.0,
            0.0
          ],
          "alloc": [
            0.0,
            0.0,
            0.0
          ]
        },
        "UnmarshalReaderMainnetState": {
          "samples": 4,
          "ns_op": [
            17251813.0,
            17095633.8,
            17532757.8
          ],
          "bytes": [
            18354880.35,
            18354879.2,
            18354882.6
          ],
          "alloc": [
            102067.35,
            102067.2,
            102067.6
          ]
        },
        "MarshalWriterMainnetState": {
          "samples": 4,
          "ns_op": [
            8964263.5,
            8838819.6,
            9224510.2
          ],
          "bytes": [
            5.0,
            5.0,
            5.0
          ],
          "alloc": [
            0.0,
            0.0,
            0.0
          ]
        }
      }
    }
  ]
}