{
  "aggregations": [
    {
      "version": "v0.3.0",
      "dev": false,
      "first": 1771341949,
      "last": 1772895024,
      "results": {
        "UnmarshalMainnetBlock": {
          "samples": 37,
          "ns_op": [
            59539.735135135124,
            56270.0,
            64491.0
          ],
          "bytes": [
            148445.22162162166,
            148445.0,
            148445.8
          ],
          "alloc": [
            971.0,
            971.0,
            971.0
          ]
        },
        "UnmarshalReaderMainnetBlock": {
          "samples": 37,
          "ns_op": [
            76980.94054054054,
            73028.8,
            83979.6
          ],
          "bytes": [
            148493.27027027032,
            148493.0,
            148493.8
          ],
          "alloc": [
            972.0,
            972.0,
            972.0
          ]
        },
        "MarshalMainnetBlock": {
          "samples": 37,
          "ns_op": [
            30316.01621621622,
            28109.2,
            33434.6
          ],
          "bytes": [
            131080.0,
            131080.0,
            131080.0
          ],
          "alloc": [
            1.0,
            1.0,
            1.0
          ]
        },
        "MarshalWriterMainnetBlock": {
          "samples": 37,
          "ns_op": [
            29265.481081081078,
            27664.4,
            30089.4
          ],
          "bytes": [
            0.0,
            0.0,
            0.0
          ],
          "alloc": [
            0.0,
            0.0,
            0.0
          ]
        },
        "HashTreeRootMainnetBlock": {
          "samples": 37,
          "ns_op": [
            604060.5135135137,
            584679.2,
            720578.8
          ],
          "bytes": [
            1.540540540540541,
            0.4,
            3.0
          ],
          "alloc": [
            0.0,
            0.0,
            0.0
          ]
        },
        "UnmarshalMainnetState": {
          "samples": 37,
          "ns_op": [
            9747359.345945947,
            9385480.0,
            10245455.8
          ],
          "bytes": [
            18354838.0,
            18354820.0,
            18354865.6
          ],
          "alloc": [
            102066.5081081081,
            102066.0,
            102067.0
          ]
        },
        "UnmarshalReaderMainnetState": {
          "samples": 37,
          "ns_op": [
            17162726.29729729,
            16742866.2,
            17764773.4
          ],
          "bytes": [
            18354882.832432434,
            18354866.6,
            18354905.0
          ],
          "alloc": [
            102067.35135135135,
            102067.0,
            102067.8
          ]
        },
        "MarshalMainnetState": {
          "samples": 37,
          "ns_op": [
            7494225.043243244,
            6292674.6,
            7820777.4
          ],
          "bytes": [
            16785813.22702702,
            16785800.2,
            16785819.8
          ],
          "alloc": [
            3.010810810810811,
            3.0,
            3.2
          ]
        },
        "MarshalWriterMainnetState": {
          "samples": 37,
          "ns_op": [
            8747896.454054054,
            8441689.2,
            9091087.4
          ],
          "bytes": [
            5.037837837837838,
            5.0,
            5.4
          ],
          "alloc": [
            0.0,
            0.0,
            0.0
          ]
        },
        "HashTreeRootMainnetState": {
          "samples": 37,
          "ns_op": [
            65580957.93513513,
            62689297.6,
            84877777.8
          ],
          "bytes": [
            589.2108108108108,
            544.0,
            796.0
          ],
          "alloc": [
            1.0,
            1.0,
            1.0
          ]
        }
      }
    },
    {
      "version": "v0.0.0-20240918120927-559052cc385d",
      "dev": true,
      "first": 1771341949,
      "last": 1772895024,
      "results": {
        "UnmarshalMainnetBlock": {
          "samples": 37,
          "ns_op": [
            59273.71891891892,
            56640.0,
            64104.2
          ],
          "bytes": [
            148445.2054054055,
            148445.0,
            148445.6
          ],
          "alloc": [
            971.0,
            971.0,
            971.0
          ]
        },
        "UnmarshalReaderMainnetBlock": {
          "samples": 37,
          "ns_op": [
            76443.92432432431,
            73191.4,
            83061.2
          ],
          "bytes": [
            148493.2378378379,
            148493.0,
            148493.8
          ],
          "alloc": [
            972.0,
            972.0,
            972.0
          ]
        },
        "MarshalMainnetBlock": {
          "samples": 37,
          "ns_op": [
            30124.113513513505,
            28033.4,
            33124.8
          ],
          "bytes": [
            131080.00540540545,
            131080.0,
            131080.2
          ],
          "alloc": [
            1.0,
            1.0,
            1.0
          ]
        },
        "MarshalWriterMainnetBlock": {
          "samples": 37,
          "ns_op": [
            29257.297297297297,
            27641.2,
            30246.4
          ],
          "bytes": [
            0.0,
            0.0,
            0.0
          ],
          "alloc": [
            0.0,
            0.0,
            0.0
          ]
        },
        "HashTreeRootMainnetBlock": {
          "samples": 37,
          "ns_op": [
            604193.2378378379,
            584333.6,
            719803.2
          ],
          "bytes": [
            1.4378378378378383,
            0.4,
            3.0
          ],
          "alloc": [
            0.0,
            0.0,
            0.0
          ]
        },
        "UnmarshalMainnetState": {
          "samples": 37,
          "ns_op": [
            9779620.12432433,
            9416282.2,
            10456993.2
          ],
          "bytes": [
            18354838.870270263,
            18354822.2,
            18354868.2
          ],
          "alloc": [
            102066.55675675676,
            102066.0,
            102067.0
          ]
        },
        "UnmarshalReaderMainnetState": {
          "samples": 37,
          "ns_op": [
            17146454.989189185,
            16817463.0,
            17680396.6
          ],
          "bytes": [
            18354883.59459459,
            18354863.0,
            18354911.2
          ],
          "alloc": [
            102067.31891891894,
            102067.0,
            102067.8
          ]
        },
        "MarshalMainnetState": {
          "samples": 37,
          "ns_op": [
            7431320.448648649,
            6355993.8,
            7894515.2
          ],
          "bytes": [
            16785812.675675668,
            16785800.2,
            16785818.2
          ],
          "alloc": [
            3.010810810810811,
            3.0,
            3.2
          ]
        },
        "MarshalWriterMainnetState": {
          "samples": 37,
          "ns_op": [
            8879131.627027025,
            8302466.8,
            11783843.6
          ],
          "bytes": [
            5.048648648648649,
            4.6,
            5.4
          ],
          "alloc": [
            0.0,
            0.0,
            0.0
          ]
        },
        "HashTreeRootMainnetState": {
          "samples": 37,
          "ns_op": [
            65555386.41081082,
            62682418.4,
            84679537.6
          ],
          "bytes": [
            589.3783783783784,
            544.0,
            796.0
          ],
          "alloc": [
            1.0,
            1.0,
            1.0
          ]
        }
      }
    }
  ]
}