{
  "aggregations": [
    {
      "version": "v0.3.0",
      "first": 1765321200,
      "last": 1771080833,
      "results": {
        "UnmarshalMainnetBlock": {
          "samples": 133,
          "ns_op": [
            59045.52330827066,
            56102.8,
            65167.2
          ],
          "bytes": [
            148445.20751879702,
            148445.0,
            148445.6
          ],
          "alloc": [
            971.0,
            971.0,
            971.0
          ]
        },
        "MarshalMainnetBlock": {
          "samples": 133,
          "ns_op": [
            30338.851127819547,
            28314.2,
            35645.0
          ],
          "bytes": [
            131080.0,
            131080.0,
            131080.0
          ],
          "alloc": [
            1.0,
            1.0,
            1.0
          ]
        },
        "HashTreeRootMainnetBlock": {
          "samples": 133,
          "ns_op": [
            601344.6390977445,
            569388.2,
            719319.6
          ],
          "bytes": [
            1.3879699248120294,
            0.0,
            3.0
          ],
          "alloc": [
            0.0,
            0.0,
            0.0
          ]
        },
        "UnmarshalMainnetState": {
          "samples": 133,
          "ns_op": [
            10146327.25263158,
            9450990.8,
            11118789.0
          ],
          "bytes": [
            18354836.23458647,
            18354818.0,
            18354864.8
          ],
          "alloc": [
            102066.48120300751,
            102066.0,
            102067.0
          ]
        },
        "MarshalMainnetState": {
          "samples": 133,
          "ns_op": [
            7645897.846616539,
            6939259.4,
            8016620.8
          ],
          "bytes": [
            16785812.97293234,
            16785801.0,
            16785823.2
          ],
          "alloc": [
            3.0,
            3.0,
            3.0
          ]
        },
        "HashTreeRootMainnetState": {
          "samples": 133,
          "ns_op": [
            65350761.93834586,
            62470078.2,
            84771390.4
          ],
          "bytes": [
            581.0195488721804,
            544.0,
            809.2
          ],
          "alloc": [
            1.0,
            1.0,
            1.0
          ]
        },
        "UnmarshalReaderMainnetBlock": {
          "samples": 88,
          "ns_op": [
            76475.63863636366,
            70824.2,
            83818.0
          ],
          "bytes": [
            148493.29772727264,
            148492.8,
            148494.0
          ],
          "alloc": [
            972.0,
            972.0,
            972.0
          ]
        },
        "MarshalWriterMainnetBlock": {
          "samples": 88,
          "ns_op": [
            29579.813636363626,
            27588.8,
            31740.0
          ],
          "bytes": [
            0.0,
            0.0,
            0.0
          ],
          "alloc": [
            0.0,
            0.0,
            0.0
          ]
        },
        "UnmarshalReaderMainnetState": {
          "samples": 88,
          "ns_op": [
            17334749.772727277,
            16749987.4,
            18356092.0
          ],
          "bytes": [
            18354882.693181816,
            18354867.4,
            18354918.6
          ],
          "alloc": [
            102067.30454545458,
            102067.0,
            102068.2
          ]
        },
        "MarshalWriterMainnetState": {
          "samples": 88,
          "ns_op": [
            8791450.531818181,
            7871947.2,
            9086697.0
          ],
          "bytes": [
            5.024999999999998,
            4.0,
            5.4
          ],
          "alloc": [
            0.0,
            0.0,
            0.0
          ]
        }
      }
    },
    {
      "version": "v0.0.0-20240918120927-559052cc385d",
      "first": 1765781902,
      "last": 1771080833,
      "dev": true,
      "results": {
        "UnmarshalMainnetBlock": {
          "samples": 131,
          "ns_op": [
            59214.561832061096,
            55124.8,
            66319.2
          ],
          "bytes": [
            148445.19389312965,
            148444.8,
            148445.8
          ],
          "alloc": [
            971.0,
            971.0,
            971.0
          ]
        },
        "MarshalMainnetBlock": {
          "samples": 131,
          "ns_op": [
            30442.233587786268,
            27568.4,
            35254.6
          ],
          "bytes": [
            131080.0015267176,
            131080.0,
            131080.2
          ],
          "alloc": [
            1.0,
            1.0,
            1.0
          ]
        },
        "HashTreeRootMainnetBlock": {
          "samples": 131,
          "ns_op": [
            601525.8320610687,
            552758.4,
            723392.4
          ],
          "bytes": [
            1.4198473282442745,
            0.4,
            3.0
          ],
          "alloc": [
            0.0,
            0.0,
            0.0
          ]
        },
        "UnmarshalMainnetState": {
          "samples": 131,
          "ns_op": [
            10155532.639694655,
            9477059.8,
            11081518.6
          ],
          "bytes": [
            18354837.36641221,
            18354816.0,
            18354869.2
          ],
          "alloc": [
            102066.479389313,
            102066.0,
            102067.2
          ]
        },
        "MarshalMainnetState": {
          "samples": 131,
          "ns_op": [
            7615772.459541987,
            6992380.4,
            8137313.2
          ],
          "bytes": [
            16785812.30076335,
            16785796.2,
            16785821.6
          ],
          "alloc": [
            3.0000000000000004,
            2.8,
            3.2
          ]
        },
        "HashTreeRootMainnetState": {
          "samples": 131,
          "ns_op": [
            65369926.949618325,
            62657313.6,
            84814051.6
          ],
          "bytes": [
            581.042748091603,
            544.0,
            796.0
          ],
          "alloc": [
            1.0,
            1.0,
            1.0
          ]
        },
        "UnmarshalReaderMainnetBlock": {
          "samples": 88,
          "ns_op": [
            76583.85909090907,
            69665.2,
            85823.0
          ],
          "bytes": [
            148493.32045454552,
            148493.0,
            148494.2
          ],
          "alloc": [
            972.0,
            972.0,
            972.0
          ]
        },
        "MarshalWriterMainnetBlock": {
          "samples": 88,
          "ns_op": [
            29584.731818181815,
            27676.2,
            31803.4
          ],
          "bytes": [
            0.0,
            0.0,
            0.0
          ],
          "alloc": [
            0.0,
            0.0,
            0.0
          ]
        },
        "UnmarshalReaderMainnetState": {
          "samples": 88,
          "ns_op": [
            17345798.186363645,
            16835270.4,
            18298993.2
          ],
          "bytes": [
            18354880.92272728,
            18354860.6,
            18354899.2
          ],
          "alloc": [
            102067.30909090914,
            102067.0,
            102067.8
          ]
        },
        "MarshalWriterMainnetState": {
          "samples": 88,
          "ns_op": [
            8855241.502272723,
            7908709.6,
            10477541.4
          ],
          "bytes": [
            5.022727272727272,
            4.4,
            5.6
          ],
          "alloc": [
            0.0,
            0.0,
            0.0
          ]
        }
      }
    }
  ]
}