{
  "aggregations": [
    {
      "version": "v0.3.0",
      "first": 1765321200,
      "last": 1770475980,
      "results": {
        "UnmarshalMainnetBlock": {
          "samples": 119,
          "ns_op": [
            58959.87899159662,
            56102.8,
            65167.2
          ],
          "bytes": [
            148445.20672268912,
            148445.0,
            148445.6
          ],
          "alloc": [
            971.0,
            971.0,
            971.0
          ]
        },
        "MarshalMainnetBlock": {
          "samples": 119,
          "ns_op": [
            30258.05882352941,
            28314.2,
            35645.0
          ],
          "bytes": [
            131080.0,
            131080.0,
            131080.0
          ],
          "alloc": [
            1.0,
            1.0,
            1.0
          ]
        },
        "HashTreeRootMainnetBlock": {
          "samples": 119,
          "ns_op": [
            602050.6571428571,
            569388.2,
            719319.6
          ],
          "bytes": [
            1.431932773109243,
            0.0,
            3.0
          ],
          "alloc": [
            0.0,
            0.0,
            0.0
          ]
        },
        "UnmarshalMainnetState": {
          "samples": 119,
          "ns_op": [
            10172374.043697486,
            9639904.4,
            11118789.0
          ],
          "bytes": [
            18354836.132773116,
            18354818.0,
            18354864.8
          ],
          "alloc": [
            102066.48739495796,
            102066.0,
            102067.0
          ]
        },
        "MarshalMainnetState": {
          "samples": 119,
          "ns_op": [
            7658227.196638653,
            6939259.4,
            8016620.8
          ],
          "bytes": [
            16785812.800000004,
            16785801.0,
            16785823.2
          ],
          "alloc": [
            3.0,
            3.0,
            3.0
          ]
        },
        "HashTreeRootMainnetState": {
          "samples": 119,
          "ns_op": [
            65461710.15294117,
            62470078.2,
            84771390.4
          ],
          "bytes": [
            581.5899159663868,
            544.0,
            809.2
          ],
          "alloc": [
            1.0,
            1.0,
            1.0
          ]
        },
        "UnmarshalReaderMainnetBlock": {
          "samples": 74,
          "ns_op": [
            76395.23243243244,
            70824.2,
            83818.0
          ],
          "bytes": [
            148493.32162162155,
            148492.8,
            148494.0
          ],
          "alloc": [
            972.0,
            972.0,
            972.0
          ]
        },
        "MarshalWriterMainnetBlock": {
          "samples": 74,
          "ns_op": [
            29657.77297297296,
            27588.8,
            31740.0
          ],
          "bytes": [
            0.0,
            0.0,
            0.0
          ],
          "alloc": [
            0.0,
            0.0,
            0.0
          ]
        },
        "UnmarshalReaderMainnetState": {
          "samples": 74,
          "ns_op": [
            17333822.84594595,
            16749987.4,
            18356092.0
          ],
          "bytes": [
            18354882.32162162,
            18354867.4,
            18354918.6
          ],
          "alloc": [
            102067.30000000003,
            102067.0,
            102068.2
          ]
        },
        "MarshalWriterMainnetState": {
          "samples": 74,
          "ns_op": [
            8791237.010810811,
            7871947.2,
            9086697.0
          ],
          "bytes": [
            5.0081081081081065,
            4.0,
            5.4
          ],
          "alloc": [
            0.0,
            0.0,
            0.0
          ]
        }
      }
    },
    {
      "version": "v0.0.0-20240918120927-559052cc385d",
      "first": 1765781902,
      "last": 1770475980,
      "dev": true,
      "results": {
        "UnmarshalMainnetBlock": {
          "samples": 117,
          "ns_op": [
            59171.12649572652,
            55124.8,
            66319.2
          ],
          "bytes": [
            148445.19487179478,
            148444.8,
            148445.8
          ],
          "alloc": [
            971.0,
            971.0,
            971.0
          ]
        },
        "MarshalMainnetBlock": {
          "samples": 117,
          "ns_op": [
            30357.000000000007,
            27568.4,
            35254.6
          ],
          "bytes": [
            131080.0,
            131080.0,
            131080.0
          ],
          "alloc": [
            1.0,
            1.0,
            1.0
          ]
        },
        "HashTreeRootMainnetBlock": {
          "samples": 117,
          "ns_op": [
            602222.7777777779,
            552758.4,
            723392.4
          ],
          "bytes": [
            1.4170940170940167,
            0.4,
            3.0
          ],
          "alloc": [
            0.0,
            0.0,
            0.0
          ]
        },
        "UnmarshalMainnetState": {
          "samples": 117,
          "ns_op": [
            10186372.967521366,
            9647229.8,
            11081518.6
          ],
          "bytes": [
            18354837.153846152,
            18354816.0,
            18354869.2
          ],
          "alloc": [
            102066.48205128209,
            102066.0,
            102067.2
          ]
        },
        "MarshalMainnetState": {
          "samples": 117,
          "ns_op": [
            7618808.444444446,
            6992380.4,
            8137313.2
          ],
          "bytes": [
            16785812.194871787,
            16785796.2,
            16785819.8
          ],
          "alloc": [
            3.0000000000000004,
            2.8,
            3.2
          ]
        },
        "HashTreeRootMainnetState": {
          "samples": 117,
          "ns_op": [
            65480803.08888889,
            62657313.6,
            84814051.6
          ],
          "bytes": [
            581.6786324786324,
            544.0,
            796.0
          ],
          "alloc": [
            1.0,
            1.0,
            1.0
          ]
        },
        "UnmarshalReaderMainnetBlock": {
          "samples": 74,
          "ns_op": [
            76502.97837837834,
            69665.2,
            85415.6
          ],
          "bytes": [
            148493.31081081083,
            148493.0,
            148494.2
          ],
          "alloc": [
            972.0,
            972.0,
            972.0
          ]
        },
        "MarshalWriterMainnetBlock": {
          "samples": 74,
          "ns_op": [
            29642.937837837835,
            27676.2,
            31803.4
          ],
          "bytes": [
            0.0,
            0.0,
            0.0
          ],
          "alloc": [
            0.0,
            0.0,
            0.0
          ]
        },
        "UnmarshalReaderMainnetState": {
          "samples": 74,
          "ns_op": [
            17344673.872972976,
            16835270.4,
            18298993.2
          ],
          "bytes": [
            18354880.429729734,
            18354860.6,
            18354899.2
          ],
          "alloc": [
            102067.30000000006,
            102067.0,
            102067.8
          ]
        },
        "MarshalWriterMainnetState": {
          "samples": 74,
          "ns_op": [
            8866788.92702702,
            7908709.6,
            10477541.4
          ],
          "bytes": [
            5.010810810810808,
            4.4,
            5.2
          ],
          "alloc": [
            0.0,
            0.0,
            0.0
          ]
        }
      }
    }
  ]
}