{
  "aggregations": [
    {
      "version": "v0.0.0-20260313210737-46c2c806e3e1",
      "dev": true,
      "first": 1773468817,
      "last": 1773500082,
      "results": {
        "UnmarshalMainnetBlock": {
          "samples": 2,
          "ns_op": [
            52477.3,
            51717.2,
            53237.4
          ],
          "bytes": [
            161816.0,
            161816.0,
            161816.0
          ],
          "alloc": [
            1515.0,
            1515.0,
            1515.0
          ]
        },
        "MarshalMainnetBlock": {
          "samples": 2,
          "ns_op": [
            15781.0,
            15560.4,
            16001.6
          ],
          "bytes": [
            131072.0,
            131072.0,
            131072.0
          ],
          "alloc": [
            1.0,
            1.0,
            1.0
          ]
        },
        "HashTreeRootMainnetBlock": {
          "samples": 2,
          "ns_op": [
            692254.6,
            690138.6,
            694370.6
          ],
          "bytes": [
            463255.69999999995,
            463255.6,
            463255.8
          ],
          "alloc": [
            3252.0,
            3252.0,
            3252.0
          ]
        },
        "UnmarshalMainnetState": {
          "samples": 2,
          "ns_op": [
            7810553.800000001,
            7688809.4,
            7932298.2
          ],
          "bytes": [
            20334689.2,
            20334689.2,
            20334689.2
          ],
          "alloc": [
            185015.0,
            185015.0,
            185015.0
          ]
        },
        "MarshalMainnetState": {
          "samples": 2,
          "ns_op": [
            2962885.8,
            2928928.4,
            2996843.2
          ],
          "bytes": [
            16785408.0,
            16785408.0,
            16785408.0
          ],
          "alloc": [
            1.0,
            1.0,
            1.0
          ]
        },
        "HashTreeRootMainnetState": {
          "samples": 2,
          "ns_op": [
            75417397.2,
            74765028.0,
            76069766.4
          ],
          "bytes": [
            48428510.6,
            48428510.6,
            48428510.6
          ],
          "alloc": [
            408256.8,
            408256.8,
            408256.8
          ]
        }
      }
    },
    {
      "version": "v0.0.0-20251103153600-259302269bfc",
      "dev": false,
      "first": 1773468817,
      "last": 1773500082,
      "results": {
        "UnmarshalMainnetBlock": {
          "samples": 2,
          "ns_op": [
            52307.1,
            51816.6,
            52797.6
          ],
          "bytes": [
            161816.0,
            161816.0,
            161816.0
          ],
          "alloc": [
            1515.0,
            1515.0,
            1515.0
          ]
        },
        "MarshalMainnetBlock": {
          "samples": 2,
          "ns_op": [
            15996.2,
            15640.8,
            16351.6
          ],
          "bytes": [
            131072.0,
            131072.0,
            131072.0
          ],
          "alloc": [
            1.0,
            1.0,
            1.0
          ]
        },
        "HashTreeRootMainnetBlock": {
          "samples": 2,
          "ns_op": [
            695432.6,
            689249.0,
            701616.2
          ],
          "bytes": [
            463254.3,
            463253.0,
            463255.6
          ],
          "alloc": [
            3252.0,
            3252.0,
            3252.0
          ]
        },
        "UnmarshalMainnetState": {
          "samples": 2,
          "ns_op": [
            7744496.7,
            7673005.0,
            7815988.4
          ],
          "bytes": [
            20334693.3,
            20334690.8,
            20334695.8
          ],
          "alloc": [
            185015.0,
            185015.0,
            185015.0
          ]
        },
        "MarshalMainnetState": {
          "samples": 2,
          "ns_op": [
            2941489.0,
            2903051.6,
            2979926.4
          ],
          "bytes": [
            16785408.0,
            16785408.0,
            16785408.0
          ],
          "alloc": [
            1.0,
            1.0,
            1.0
          ]
        },
        "HashTreeRootMainnetState": {
          "samples": 2,
          "ns_op": [
            75162892.1,
            75158644.2,
            75167140.0
          ],
          "bytes": [
            48436508.7,
            48428513.4,
            48444504.0
          ],
          "alloc": [
            408256.9,
            408256.8,
            408257.0
          ]
        }
      }
    }
  ]
}