{
  "aggregations": [
    {
      "version": "v0.32.2",
      "dev": false,
      "first": 1771341949,
      "last": 1772895024,
      "results": {
        "UnmarshalMainnetBlock": {
          "samples": 37,
          "ns_op": [
            213235.22702702702,
            202246.8,
            222232.8
          ],
          "bytes": [
            355224.1567567566,
            355224.0,
            355224.4
          ],
          "alloc": [
            3672.0,
            3672.0,
            3672.0
          ]
        },
        "MarshalMainnetBlock": {
          "samples": 37,
          "ns_op": [
            142659.40000000002,
            130147.4,
            152268.4
          ],
          "bytes": [
            328720.0,
            328720.0,
            328720.0
          ],
          "alloc": [
            2535.0,
            2535.0,
            2535.0
          ]
        },
        "HashTreeRootMainnetBlock": {
          "samples": 37,
          "ns_op": [
            1454909.3081081086,
            1427295.2,
            1543760.6
          ],
          "bytes": [
            470912.2540540539,
            470912.0,
            470912.6
          ],
          "alloc": [
            10440.0,
            10440.0,
            10440.0
          ]
        },
        "UnmarshalMainnetState": {
          "samples": 37,
          "ns_op": [
            61551754.086486496,
            60123874.0,
            63790197.0
          ],
          "bytes": [
            74835058.01081079,
            74835049.8,
            74835069.0
          ],
          "alloc": [
            1122797.0,
            1122797.0,
            1122797.0
          ]
        },
        "MarshalMainnetState": {
          "samples": 37,
          "ns_op": [
            26868364.605405398,
            25274107.6,
            29154222.4
          ],
          "bytes": [
            70588466.28648649,
            70588463.8,
            70588468.4
          ],
          "alloc": [
            110302.0,
            110302.0,
            110302.0
          ]
        },
        "HashTreeRootMainnetState": {
          "samples": 37,
          "ns_op": [
            193807217.40540537,
            190152129.4,
            205068413.6
          ],
          "bytes": [
            57180305.394594595,
            57180299.2,
            57180317.4
          ],
          "alloc": [
            1658983.0,
            1658983.0,
            1658983.0
          ]
        }
      }
    }
  ]
}