{
  "aggregations": [
    {
      "version": "v0.32.2",
      "dev": false,
      "first": 1765791584,
      "last": 1768056221,
      "results": {
        "UnmarshalMainnetBlock": {
          "samples": 57,
          "ns_op": [
            212077.6736842105,
            203125.4,
            225222.6
          ],
          "bytes": [
            355224.1298245612,
            355224.0,
            355224.4
          ],
          "alloc": [
            3672.0,
            3672.0,
            3672.0
          ]
        },
        "MarshalMainnetBlock": {
          "samples": 57,
          "ns_op": [
            139289.3754385964,
            130026.8,
            149323.0
          ],
          "bytes": [
            328720.003508772,
            328720.0,
            328720.2
          ],
          "alloc": [
            2535.0,
            2535.0,
            2535.0
          ]
        },
        "HashTreeRootMainnetBlock": {
          "samples": 57,
          "ns_op": [
            1445690.9894736838,
            1419939.0,
            1551161.8
          ],
          "bytes": [
            470912.25263157865,
            470912.0,
            470912.6
          ],
          "alloc": [
            10440.0,
            10440.0,
            10440.0
          ]
        },
        "UnmarshalMainnetState": {
          "samples": 57,
          "ns_op": [
            60719542.185964905,
            59428237.4,
            62318558.6
          ],
          "bytes": [
            74835058.17894734,
            74835046.0,
            74835068.2
          ],
          "alloc": [
            1122797.0,
            1122797.0,
            1122797.0
          ]
        },
        "MarshalMainnetState": {
          "samples": 57,
          "ns_op": [
            26893048.480701756,
            24860480.0,
            29525403.2
          ],
          "bytes": [
            70588466.48771931,
            70588463.6,
            70588470.4
          ],
          "alloc": [
            110302.0,
            110302.0,
            110302.0
          ]
        },
        "HashTreeRootMainnetState": {
          "samples": 57,
          "ns_op": [
            194151624.97894734,
            190951570.8,
            205455824.6
          ],
          "bytes": [
            57180304.97894737,
            57180298.8,
            57180317.6
          ],
          "alloc": [
            1658983.0,
            1658983.0,
            1658983.0
          ]
        }
      }
    }
  ]
}