{
  "aggregations": [
    {
      "version": "v0.32.2",
      "dev": false,
      "first": 1765791584,
      "last": 1768661029,
      "results": {
        "UnmarshalMainnetBlock": {
          "samples": 71,
          "ns_op": [
            211962.39436619717,
            203125.4,
            226078.4
          ],
          "bytes": [
            355224.1267605631,
            355224.0,
            355224.4
          ],
          "alloc": [
            3672.0,
            3672.0,
            3672.0
          ]
        },
        "MarshalMainnetBlock": {
          "samples": 71,
          "ns_op": [
            139277.67605633795,
            128899.4,
            149323.0
          ],
          "bytes": [
            328720.0084507042,
            328720.0,
            328720.2
          ],
          "alloc": [
            2535.0,
            2535.0,
            2535.0
          ]
        },
        "HashTreeRootMainnetBlock": {
          "samples": 71,
          "ns_op": [
            1445730.1887323936,
            1418956.8,
            1569813.6
          ],
          "bytes": [
            470912.24225352076,
            470912.0,
            470912.6
          ],
          "alloc": [
            10440.0,
            10440.0,
            10440.0
          ]
        },
        "UnmarshalMainnetState": {
          "samples": 71,
          "ns_op": [
            60732530.853521116,
            59428237.4,
            62812566.0
          ],
          "bytes": [
            74835059.07323942,
            74835046.0,
            74835120.6
          ],
          "alloc": [
            1122797.0,
            1122797.0,
            1122797.0
          ]
        },
        "MarshalMainnetState": {
          "samples": 71,
          "ns_op": [
            26817395.312676057,
            24688361.4,
            29525403.2
          ],
          "bytes": [
            70588466.50140847,
            70588463.6,
            70588470.4
          ],
          "alloc": [
            110302.0,
            110302.0,
            110302.0
          ]
        },
        "HashTreeRootMainnetState": {
          "samples": 71,
          "ns_op": [
            194146382.81690142,
            190951570.8,
            207089510.4
          ],
          "bytes": [
            57180304.97464788,
            57180298.8,
            57180317.6
          ],
          "alloc": [
            1658983.0,
            1658983.0,
            1658983.0
          ]
        }
      }
    }
  ]
}