{
  "aggregations": [
    {
      "version": "v0.32.2",
      "dev": false,
      "first": 1765791584,
      "last": 1771080833,
      "results": {
        "UnmarshalMainnetBlock": {
          "samples": 127,
          "ns_op": [
            212334.44251968493,
            201980.0,
            226078.4
          ],
          "bytes": [
            355224.1259842522,
            355224.0,
            355224.4
          ],
          "alloc": [
            3672.0,
            3672.0,
            3672.0
          ]
        },
        "MarshalMainnetBlock": {
          "samples": 127,
          "ns_op": [
            140518.74330708646,
            128899.4,
            152387.0
          ],
          "bytes": [
            328720.0062992127,
            328720.0,
            328720.2
          ],
          "alloc": [
            2535.0,
            2535.0,
            2535.0
          ]
        },
        "HashTreeRootMainnetBlock": {
          "samples": 127,
          "ns_op": [
            1445774.740157479,
            1414133.6,
            1569813.6
          ],
          "bytes": [
            470912.22677165404,
            470912.0,
            470912.6
          ],
          "alloc": [
            10440.0,
            10440.0,
            10440.0
          ]
        },
        "UnmarshalMainnetState": {
          "samples": 127,
          "ns_op": [
            61043260.996850386,
            59428237.4,
            63734381.6
          ],
          "bytes": [
            74835058.5984251,
            74835046.0,
            74835120.6
          ],
          "alloc": [
            1122797.0,
            1122797.0,
            1122797.0
          ]
        },
        "MarshalMainnetState": {
          "samples": 127,
          "ns_op": [
            26905256.951181114,
            24688361.4,
            29525403.2
          ],
          "bytes": [
            70588466.42677163,
            70588462.4,
            70588470.4
          ],
          "alloc": [
            110302.0,
            110302.0,
            110302.0
          ]
        },
        "HashTreeRootMainnetState": {
          "samples": 127,
          "ns_op": [
            193786054.43779534,
            190249425.2,
            207089510.4
          ],
          "bytes": [
            57180306.27244095,
            57180298.8,
            57180477.0
          ],
          "alloc": [
            1658983.0,
            1658983.0,
            1658983.0
          ]
        }
      }
    }
  ]
}