{
  "aggregations": [
    {
      "version": "v0.32.2",
      "dev": false,
      "first": 1765791584,
      "last": 1767451431,
      "results": {
        "UnmarshalMainnetBlock": {
          "samples": 43,
          "ns_op": [
            212240.09302325582,
            203125.4,
            225222.6
          ],
          "bytes": [
            355224.1255813952,
            355224.0,
            355224.4
          ],
          "alloc": [
            3672.0,
            3672.0,
            3672.0
          ]
        },
        "MarshalMainnetBlock": {
          "samples": 43,
          "ns_op": [
            139778.44651162784,
            130026.8,
            149323.0
          ],
          "bytes": [
            328720.00465116283,
            328720.0,
            328720.2
          ],
          "alloc": [
            2535.0,
            2535.0,
            2535.0
          ]
        },
        "HashTreeRootMainnetBlock": {
          "samples": 43,
          "ns_op": [
            1443352.655813953,
            1419939.0,
            1551161.8
          ],
          "bytes": [
            470912.2465116277,
            470912.0,
            470912.6
          ],
          "alloc": [
            10440.0,
            10440.0,
            10440.0
          ]
        },
        "UnmarshalMainnetState": {
          "samples": 43,
          "ns_op": [
            60697271.66976743,
            59428237.4,
            62318558.6
          ],
          "bytes": [
            74835058.3348837,
            74835048.6,
            74835066.4
          ],
          "alloc": [
            1122797.0,
            1122797.0,
            1122797.0
          ]
        },
        "MarshalMainnetState": {
          "samples": 43,
          "ns_op": [
            26878493.348837215,
            24860480.0,
            29466495.8
          ],
          "bytes": [
            70588466.55813955,
            70588463.6,
            70588470.4
          ],
          "alloc": [
            110302.0,
            110302.0,
            110302.0
          ]
        },
        "HashTreeRootMainnetState": {
          "samples": 43,
          "ns_op": [
            193871011.7534884,
            191222910.2,
            205216998.4
          ],
          "bytes": [
            57180304.85581396,
            57180298.8,
            57180317.6
          ],
          "alloc": [
            1658983.0,
            1658983.0,
            1658983.0
          ]
        }
      }
    }
  ]
}