{
  "aggregations": [
    {
      "version": "v0.32.2",
      "dev": false,
      "first": 1765791584,
      "last": 1770475980,
      "results": {
        "UnmarshalMainnetBlock": {
          "samples": 113,
          "ns_op": [
            212142.4230088495,
            201980.0,
            226078.4
          ],
          "bytes": [
            355224.12743362837,
            355224.0,
            355224.4
          ],
          "alloc": [
            3672.0,
            3672.0,
            3672.0
          ]
        },
        "MarshalMainnetBlock": {
          "samples": 113,
          "ns_op": [
            140099.1008849556,
            128899.4,
            151911.8
          ],
          "bytes": [
            328720.0053097346,
            328720.0,
            328720.2
          ],
          "alloc": [
            2535.0,
            2535.0,
            2535.0
          ]
        },
        "HashTreeRootMainnetBlock": {
          "samples": 113,
          "ns_op": [
            1445618.5823008835,
            1414133.6,
            1569813.6
          ],
          "bytes": [
            470912.240707965,
            470912.0,
            470912.6
          ],
          "alloc": [
            10440.0,
            10440.0,
            10440.0
          ]
        },
        "UnmarshalMainnetState": {
          "samples": 113,
          "ns_op": [
            60968212.1221239,
            59428237.4,
            63335685.0
          ],
          "bytes": [
            74835058.68849549,
            74835046.0,
            74835120.6
          ],
          "alloc": [
            1122797.0,
            1122797.0,
            1122797.0
          ]
        },
        "MarshalMainnetState": {
          "samples": 113,
          "ns_op": [
            26899712.844247796,
            24688361.4,
            29525403.2
          ],
          "bytes": [
            70588466.43893805,
            70588462.4,
            70588470.4
          ],
          "alloc": [
            110302.0,
            110302.0,
            110302.0
          ]
        },
        "HashTreeRootMainnetState": {
          "samples": 113,
          "ns_op": [
            193893424.87433642,
            190516892.2,
            207089510.4
          ],
          "bytes": [
            57180306.382300876,
            57180298.8,
            57180477.0
          ],
          "alloc": [
            1658983.0,
            1658983.0,
            1658983.0
          ]
        }
      }
    }
  ]
}