{
  "aggregations": [
    {
      "version": "v0.32.2",
      "dev": false,
      "first": 1765791584,
      "last": 1766846599,
      "results": {
        "UnmarshalMainnetBlock": {
          "samples": 25,
          "ns_op": [
            212548.832,
            203125.4,
            225222.6
          ],
          "bytes": [
            355224.12,
            355224.0,
            355224.4
          ],
          "alloc": [
            3672.0,
            3672.0,
            3672.0
          ]
        },
        "MarshalMainnetBlock": {
          "samples": 25,
          "ns_op": [
            139359.224,
            130026.8,
            147168.6
          ],
          "bytes": [
            328720.0,
            328720.0,
            328720.0
          ],
          "alloc": [
            2535.0,
            2535.0,
            2535.0
          ]
        },
        "HashTreeRootMainnetBlock": {
          "samples": 25,
          "ns_op": [
            1448402.4479999999,
            1420425.0,
            1551161.8
          ],
          "bytes": [
            470912.23199999996,
            470912.0,
            470912.4
          ],
          "alloc": [
            10440.0,
            10440.0,
            10440.0
          ]
        },
        "UnmarshalMainnetState": {
          "samples": 25,
          "ns_op": [
            60804837.48,
            59428237.4,
            62318558.6
          ],
          "bytes": [
            74835056.856,
            74835048.6,
            74835066.2
          ],
          "alloc": [
            1122797.0,
            1122797.0,
            1122797.0
          ]
        },
        "MarshalMainnetState": {
          "samples": 25,
          "ns_op": [
            26991483.279999994,
            24860480.0,
            29466495.8
          ],
          "bytes": [
            70588466.208,
            70588463.6,
            70588470.0
          ],
          "alloc": [
            110302.0,
            110302.0,
            110302.0
          ]
        },
        "HashTreeRootMainnetState": {
          "samples": 25,
          "ns_op": [
            194464394.84,
            191372003.4,
            205216998.4
          ],
          "bytes": [
            57180305.336,
            57180299.8,
            57180317.6
          ],
          "alloc": [
            1658983.0,
            1658983.0,
            1658983.0
          ]
        }
      }
    }
  ]
}