{
  "aggregations": [
    {
      "version": "v0.34.1",
      "dev": false,
      "first": 1773468817,
      "last": 1784908529,
      "results": {
        "UnmarshalMainnetBlock": {
          "samples": 270,
          "ns_op": [
            200618.41518518515,
            118868.6,
            264513.6
          ],
          "bytes": [
            355224.12296296353,
            355224.0,
            355224.4
          ],
          "alloc": [
            3672.0,
            3672.0,
            3672.0
          ]
        },
        "MarshalMainnetBlock": {
          "samples": 270,
          "ns_op": [
            131555.47407407404,
            74150.0,
            166613.2
          ],
          "bytes": [
            328720.00370370364,
            328720.0,
            328720.2
          ],
          "alloc": [
            2535.0,
            2535.0,
            2535.0
          ]
        },
        "HashTreeRootMainnetBlock": {
          "samples": 270,
          "ns_op": [
            1363164.3962962944,
            920903.6,
            1534776.2
          ],
          "bytes": [
            470912.17407407454,
            470912.0,
            470913.8
          ],
          "alloc": [
            10440.0,
            10440.0,
            10440.0
          ]
        },
        "UnmarshalMainnetState": {
          "samples": 270,
          "ns_op": [
            58689232.311851844,
            36048554.4,
            68104568.0
          ],
          "bytes": [
            74835053.84037039,
            74835040.3,
            74835112.4
          ],
          "alloc": [
            1122797.0,
            1122797.0,
            1122797.0
          ]
        },
        "MarshalMainnetState": {
          "samples": 270,
          "ns_op": [
            24427376.417037036,
            14159736.4,
            31714066.8
          ],
          "bytes": [
            70588465.04592596,
            70588462.0,
            70588472.0
          ],
          "alloc": [
            110302.0,
            110302.0,
            110302.0
          ]
        },
        "HashTreeRootMainnetState": {
          "samples": 270,
          "ns_op": [
            183383266.7500001,
            122740269.4,
            206508859.6
          ],
          "bytes": [
            57180301.80851852,
            57180293.1,
            57180320.4
          ],
          "alloc": [
            1658983.0,
            1658983.0,
            1658983.0
          ]
        }
      }
    },
    {
      "version": "v0.32.2",
      "dev": false,
      "first": 1765791584,
      "last": 1773462126,
      "results": {
        "UnmarshalMainnetBlock": {
          "samples": 182,
          "ns_op": [
            212595.2054945054,
            201980.0,
            226464.4
          ],
          "bytes": [
            355224.1373626381,
            355224.0,
            355224.4
          ],
          "alloc": [
            3672.0,
            3672.0,
            3672.0
          ]
        },
        "MarshalMainnetBlock": {
          "samples": 182,
          "ns_op": [
            141048.6791208791,
            128899.4,
            153127.6
          ],
          "bytes": [
            328720.0043956043,
            328720.0,
            328720.2
          ],
          "alloc": [
            2535.0,
            2535.0,
            2535.0
          ]
        },
        "HashTreeRootMainnetBlock": {
          "samples": 182,
          "ns_op": [
            1448037.8329670313,
            1414133.6,
            1569813.6
          ],
          "bytes": [
            470912.24065934157,
            470912.0,
            470912.8
          ],
          "alloc": [
            10440.0,
            10440.0,
            10440.0
          ]
        },
        "UnmarshalMainnetState": {
          "samples": 182,
          "ns_op": [
            61170135.779120855,
            59428237.4,
            64280563.0
          ],
          "bytes": [
            74835058.73296697,
            74835046.0,
            74835120.6
          ],
          "alloc": [
            1122797.0,
            1122797.0,
            1122797.0
          ]
        },
        "MarshalMainnetState": {
          "samples": 182,
          "ns_op": [
            26858069.623076953,
            24623039.0,
            29525403.2
          ],
          "bytes": [
            70588466.43736258,
            70588462.4,
            70588473.8
          ],
          "alloc": [
            110302.0,
            110302.0,
            110302.0
          ]
        },
        "HashTreeRootMainnetState": {
          "samples": 182,
          "ns_op": [
            193797885.03186822,
            190152129.4,
            207089510.4
          ],
          "bytes": [
            57180306.06703296,
            57180298.8,
            57180477.0
          ],
          "alloc": [
            1658983.0,
            1658983.0,
            1658983.0
          ]
        }
      }
    }
  ]
}