{
  "aggregations": [
    {
      "version": "v0.32.2",
      "dev": false,
      "first": 1771341949,
      "last": 1771685583,
      "results": {
        "UnmarshalMainnetBlock": {
          "samples": 9,
          "ns_op": [
            211030.13333333333,
            204216.0,
            216821.0
          ],
          "bytes": [
            355224.15555555554,
            355224.0,
            355224.4
          ],
          "alloc": [
            3672.0,
            3672.0,
            3672.0
          ]
        },
        "MarshalMainnetBlock": {
          "samples": 9,
          "ns_op": [
            141918.35555555558,
            136689.6,
            147959.0
          ],
          "bytes": [
            328720.0,
            328720.0,
            328720.0
          ],
          "alloc": [
            2535.0,
            2535.0,
            2535.0
          ]
        },
        "HashTreeRootMainnetBlock": {
          "samples": 9,
          "ns_op": [
            1437889.1111111112,
            1427867.4,
            1445148.0
          ],
          "bytes": [
            470912.28888888884,
            470912.0,
            470912.4
          ],
          "alloc": [
            10440.0,
            10440.0,
            10440.0
          ]
        },
        "UnmarshalMainnetState": {
          "samples": 9,
          "ns_op": [
            61354788.79999999,
            60643281.2,
            61878615.8
          ],
          "bytes": [
            74835060.42222223,
            74835055.0,
            74835069.0
          ],
          "alloc": [
            1122797.0,
            1122797.0,
            1122797.0
          ]
        },
        "MarshalMainnetState": {
          "samples": 9,
          "ns_op": [
            26884816.0,
            26114042.2,
            27601562.6
          ],
          "bytes": [
            70588466.15555556,
            70588463.8,
            70588467.2
          ],
          "alloc": [
            110302.0,
            110302.0,
            110302.0
          ]
        },
        "HashTreeRootMainnetState": {
          "samples": 9,
          "ns_op": [
            191894861.75555554,
            190805178.6,
            193045717.0
          ],
          "bytes": [
            57180305.622222215,
            57180301.0,
            57180309.2
          ],
          "alloc": [
            1658983.0,
            1658983.0,
            1658983.0
          ]
        }
      }
    }
  ]
}